# source,实体 FREE (DI bit 5)
stamp,status,handoff_progress,model_alignment,model_scale_estimate,model_normalized_residual,model_excited_joints,model_direction_mismatches,model_validation_passed,settling,position_elfin_joint1,position_elfin_joint2,position_elfin_joint3,position_elfin_joint4,position_elfin_joint5,position_elfin_joint6,velocity_elfin_joint1,velocity_elfin_joint2,velocity_elfin_joint3,velocity_elfin_joint4,velocity_elfin_joint5,velocity_elfin_joint6,measured_effort_elfin_joint1,measured_effort_elfin_joint2,measured_effort_elfin_joint3,measured_effort_elfin_joint4,measured_effort_elfin_joint5,measured_effort_elfin_joint6,gravity_effort_elfin_joint1,gravity_effort_elfin_joint2,gravity_effort_elfin_joint3,gravity_effort_elfin_joint4,gravity_effort_elfin_joint5,gravity_effort_elfin_joint6,commanded_effort_elfin_joint1,commanded_effort_elfin_joint2,commanded_effort_elfin_joint3,commanded_effort_elfin_joint4,commanded_effort_elfin_joint5,commanded_effort_elfin_joint6,effective_scale_elfin_joint1,effective_scale_elfin_joint2,effective_scale_elfin_joint3,effective_scale_elfin_joint4,effective_scale_elfin_joint5,effective_scale_elfin_joint6
# event,1785822398.1370256,ACTIVE,零力拖拽 ACTIVE；末端灯环应由固件进入蓝色零力示教状态
1785822398.0832217,5,0,0.999010573663627,1.1305077426780969,0.044473292078172799,3,1,0,1,-0.0091141810240618713,0.78298897822439528,-0.6231545400718097,-0.7827250879650931,-2.1991361206128852,0.43708153140663697,0,-0.00071221892645457715,0,-0.00035610946322728857,0,-0.00071221892645457715,0.47787577122525454,-52.168105025423621,19.521895887157477,0.096166974813583633,-0.26553907499507046,-0.10115774285526494,1.5711444732030566e-16,-46.519232678060852,16.000703169988075,-1.662890768871206,-0.779115508395817,0.27137122649778589,0.47787577122525454,-52.168105025423621,19.521895887157477,0.096166974813583633,-0.26553907499507046,-0.10115774285526494,1,1.8307835762794629,1.7616246212198707,1,1,1
1785822398.1032217,5,0.0046719999999999999,0.999010573663627,1.1305077426780969,0.044473292078172799,3,1,0,1,-0.0091141810240618713,0.78298897822439528,-0.62315406544904117,-0.78272461334232457,-2.1991361206128852,0.4370820060294055,0,0,0.00035610946322728857,0.00035610946322728857,0,0.00035610946322728857,0.47787577122525454,-51.530937330456617,19.425728912343896,-0.17310055466445054,-0.26553907499507046,0.037934153570724355,-3.1243725055057903e-15,-46.519233247530991,16.000703762024365,-1.6628894005079289,-0.77911448410458561,0.27137114040910038,0.47787577122525454,-52.168105025423621,19.521626434795468,0.096032248632579781,-0.26553907499507046,-0.10124194671839234,1,1.8307835762794629,1.7616246212198707,1,1,1
1785822398.1232216,5,0.018176000000000001,0.999010573663627,1.1305077426780969,0.044473292078172799,3,1,0,1,-0.009114655646830401,0.78298755435608969,-0.62315359082627264,-0.78272461334232457,-2.1991361206128852,0.43708153140663697,0,0,-0.00035610946322728857,0.00035610946322728857,0,-0.00035610946322728857,0.79645961870875759,-50.734477711747857,19.425728912343896,0.4616014791052015,-0.30347322856579484,-0.031611794642270291,-4.2022049902279424e-15,-46.519193334879773,16.000705713212778,-1.6628887367787111,-0.77910794940580552,0.27137103813791008,0.47787577122525454,-52.168105025423621,19.522857844226056,0.095685996279294624,-0.26553907499507046,-0.1008571312713343,1,1.8307835762794629,1.7616246212198707,1,1,1
# event,1785822398.3368213,RECOVERING,控制器保护：入口保持力矩与重力模型方向或量级不一致；保持力矩控制并增强阻尼，静止后切回位置保持
1785822398.2432218,5,0.24166399999999999,0.999010573663627,1.1305077426780969,0.044473292078172799,3,1,0,1,-0.0091227242338953931,0.78298423199670997,-0.62315026846689292,-0.78272556258786163,-2.1991365952356539,0.4370820060294055,-0.00035610946322728857,-0.00035610946322728857,0.00035610946322728857,-0.00035610946322728857,0,0.00035610946322728857,0.79645961870875759,-52.486688872907123,19.598829467008347,0.19233394962716727,-0.20231548571052987,-0.031611794642270291,-9.9986479599328826e-16,-46.519100264027188,16.000710438565083,-1.6628891719217174,-0.77908502649017242,0.27137123254280604,0.482149084783982,-52.163831711864894,19.519047011451658,0.097591412666492794,-0.26553907499507046,-0.10204801651333316,1,1.8307835762794629,1.7616246212198707,1,1,1
1785822398.2632217,5,0.29548800000000003,0.999010573663627,1.1305077426780969,0.044473292078172799,3,1,0,1,-0.0091246227249695087,0.78297948576902465,-0.62314789535305037,-0.78272556258786163,-2.1991365952356539,0.4370820060294055,0,-0.00035610946322728857,0.00035610946322728857,0,-0.00035610946322728857,0.00035610946322728857,-0.59734471403156819,-52.486688872907123,19.694996441821928,-0.076933579850866907,-0.26553907499507046,0.107480101783719,-3.0415530120550538e-15,-46.518967961433667,16.000717718338112,-1.6628872048355543,-0.77906048628233915,0.27137108507410684,0.47787577122525454,-52.163831711864894,19.519047011451658,0.096166974813583633,-0.26464880133700225,-0.10204801651333316,1,1.8307835762794629,1.7616246212198707,1,1,1
1785822398.2832217,5,0.35200000000000009,0.999010573663627,1.1305077426780969,0.044473292078172799,3,1,0,1,-0.0091260465932750962,0.7829756887868764,-0.62314504761643918,-0.78272603721063017,-2.1991365952356539,0.4370820060294055,-0.00035610946322728857,-0.00035610946322728857,0,0,0,0.00035610946322728857,0.15929192374175152,-51.690229254198364,19.598829467008347,-0.44236808414248474,-0.36669681785033542,-0.10115774285526494,-2.0388557378861472e-15,-46.51886293145229,16.000724395844916,-1.6628867452369565,-0.77903696099910924,0.27137108663384463,0.482149084783982,-52.163831711864894,19.521895887157477,0.096166974813583633,-0.26553907499507046,-0.10204801651333316,1,1.8307835762794629,1.7616246212198707,1,1,1
1785822398.3032217,5,0.41043200000000002,0.999010573663627,1.1305077426780969,0.044473292078172799,3,1,0,1,-0.0091279450843492118,0.78297379029580227,-0.623142199879828,-0.7827265118333987,-2.1991365952356539,0.4370820060294055,0,-0.00035610946322728857,0,0,0,0,0.15929192374175152,-52.008813101681866,19.521895887157477,0.28850092444075093,-0.26553907499507046,0.037934153570724355,-2.9502631891317743e-15,-46.518811750524499,16.000729131845944,-1.66288681015921,-0.77901997976547421,0.27137112751351933,0.47787577122525454,-52.163831711864894,19.521895887157477,0.096166974813583633,-0.26553907499507046,-0.10115774285526494,1,1.8307835762794629,1.7616246212198707,1,1,1
1785822398.3232217,5,0.4700160000000001,0.999010573663627,1.1305077426780969,0.044473292078172799,3,1,0,1,-0.009131742066497443,0.78296904406811707,-0.62313602978383709,-0.78272698645616723,-2.1991365952356539,0.4370820060294055,-0.00035610946322728857,-0.00035610946322728857,0.00035610946322728857,0,0,0,0.79645961870875759,-52.008813101681866,19.137227987903145,0.38466789925433453,-0.20231548571052987,-0.031611794642270291,-3.5122322801853234e-15,-46.518683040576832,16.000740174322413,-1.6628851699760963,-0.77898173023600059,0.27137104054006178,0.482149084783982,-52.163831711864894,19.519047011451658,0.096166974813583633,-0.26553907499507046,-0.10115774285526494,1,1.8307835762794629,1.7616246212198707,1,1,1
1785822398.3432217,5,0.52998400000000001,0.999010573663627,1.1305077426780969,0.044473292078172799,3,1,0,1,-0.0091360136714142039,0.78296524708596882,-0.6231317581789203,-0.78272746107893576,-2.1991365952356539,0.4370820060294055,-0.00035610946322728857,0,0.00035610946322728857,0.00035610946322728857,0.00035610946322728857,0,0.79645961870875759,-52.765449739455185,19.425728912343896,-0.17310055466445054,-0.20231548571052987,-0.10115774285526494,-7.3830102188116031e-16,-46.518579398375586,16.00074830458307,-1.6628843166084979,-0.77895329676949698,0.27137101255023877,0.482149084783982,-52.168105025423621,19.519047011451658,0.094742536960674473,-0.26642934865313866,-0.10115774285526494,1,1.8307835762794629,1.7616246212198707,1,1,1
1785822398.3632216,5,0.58956800000000009,0.999010573663627,1.1305077426780969,0.044473292078172799,3,1,0,1,-0.0091450315040162555,0.7829605008582835,-0.62312891044230911,-0.78272888494724135,-2.1991365952356539,0.4370820060294055,-0.00071221892645457715,0,0,0,0.00035610946322728857,0,0.95575154245050908,-52.606157815713438,19.521895887157477,0.28850092444075093,-0.23392728035280017,-0.063223589284540582,-1.2679608881946414e-15,-46.518447207796392,16.000755716322352,-1.6628863471705169,-0.77892525716117234,0.27137127280000317,0.48642239834270945,-52.168105025423621,19.521895887157477,0.096166974813583633,-0.26642934865313866,-0.10115774285526494,1,1.8307835762794629,1.7616246212198707,1,1,1
1785822398.3832216,5,0.64800000000000013,0.999010573663627,1.1305077426780969,0.044473292078172799,3,1,0,1,-0.0091697118879797614,0.782952906893987,-0.62312084185524419,-0.78273078343831548,-2.1991365952356539,0.43708248065217403,-0.0017805473161364429,-0.00035610946322728857,0.00035610946322728857,-0.00035610946322728857,-0.00035610946322728857,0.00035610946322728857,0,-53.084033586938688,19.425728912343896,0,-0.36669681785033542,-0.23392728035280017,-1.3253422881734367e-15,-46.518239212708309,16.000771244681257,-1.6628876631166583,-0.77886877456670089,0.2713715679286644,0.49924233901889187,-52.163831711864894,19.519047011451658,0.097591412666492794,-0.26464880133700225,-0.10204801651333316,1,1.8307835762794629,1.7616246212198707,1,1,1
1785822398.4032216,5,0.70451200000000003,0.999010573663627,1.1305077426780969,0.044473292078172799,3,1,0,1,-0.009215750296527072,0.78294056670200529,-0.62310185694450304,-0.78273315655215814,-2.1991351713673484,0.43708248065217403,-0.0042733135587274627,-0.0010683283896818657,0.0014244378529091543,-0.00035610946322728857,0,0,0.31858384748350305,-52.168105025423621,19.694996441821928,0.4616014791052015,-0.10115774285526494,0.069545948212994646,-2.195414531593054e-15,-46.517912666587186,16.000808140945988,-1.6628877491502518,-0.77875399242788546,0.27137164249083717,0.52915553392998405,-52.15528508474744,19.510500384334204,0.097591412666492794,-0.26553907499507046,-0.10115774285526494,1,1.8307835762794629,1.7616246212198707,1,1,1
1785822398.4232216,5,0.75833600000000012,0.999010573663627,1.1305077426780969,0.044473292078172799,3,1,0,1,-0.0093552893904745894,0.7829087669765139,-0.62301500097786222,-0.78273932664814905,-2.1991313743852001,0.4370834298977111,-0.0078344081910003485,-0.0021366567793637313,0.0081905176542276369,-0.00035610946322728857,0.00071221892645457715,0,0.79645961870875759,-51.212353482973114,19.233394962716726,0.28850092444075093,-0.26553907499507046,-0.063223589284540582,-4.1723623254302789e-15,-46.51710851986725,16.000942277322409,-1.6628780737223405,-0.77832702065388171,0.27137119002707177,0.5718886695172587,-52.142465144071259,19.456371745923654,0.097591412666492794,-0.26731962231120687,-0.10115774285526494,1,1.8307835762794629,1.7616246212198707,1,1,1
1785822398.4432216,5,0.80870400000000009,0.999010573663627,1.1305077426780969,0.044473292078172799,3,1,0,1,-0.0096334183328325683,0.78281384242280805,-0.62278670742619979,-0.78274739523521397,-2.1991218819298295,0.43708627763432228,-0.022434896183319179,-0.0074782987277730601,0.016024925845227987,-0.00071221892645457715,0.00035610946322728857,0,1.1150434661922606,-51.690229254198364,19.329561937530311,0.096166974813583633,-0.26553907499507046,0,-5.4094776618177076e-15,-46.514671831506448,16.001305366209483,-1.6628252179049863,-0.77717752741187496,0.27136739247115255,0.7470945254250847,-52.078365440690341,19.393696480395654,0.099015850519401941,-0.26642934865313866,-0.10115774285526494,1,1.8307835762794629,1.7616246212198707,1,1,1
1785822398.4632218,5,0.85484799999999994,0.999010573663627,1.1305077426780969,0.044473292078172799,3,1,0,1,-0.010299788699847247,0.78257131018808979,-0.62230543993891141,-0.78276400703211257,-2.1991180849476812,0.43708675225709082,-0.047006449146002091,-0.020298239403955448,0.037035384175638009,-0.0014244378529091543,0,0,1.1150434661922606,-50.415893864264355,18.675626508797944,0.096166974813583633,-0.23392728035280017,-0.16438133213980552,-4.5643149633109448e-15,-46.508260932771286,16.002045521370263,-1.6626774144591185,-0.77465048323047836,0.27135723123800576,1.0419531609772796,-51.924526152576156,19.225612813752374,0.10186472622522025,-0.26553907499507046,-0.10115774285526494,1,1.8307835762794629,1.7616246212198707,1,1,1
1785822398.4832218,5,0.89600000000000013,0.999010573663627,1.1305077426780969,0.044473292078172799,3,1,0,1,-0.011710842190683884,0.7817938780932393,-0.62104626573400401,-0.78285371073536447,-2.1991242550436723,0.43708722687985929,-0.091876241512640455,-0.059470280358957191,0.090807913122958578,-0.0096149555071367906,-0.00071221892645457715,0,1.4336273136757636,-50.415893864264355,18.406358979319908,0.4616014791052015,-0.20231548571052987,0.037934153570724355,-1.0752303995081869e-15,-46.487298468240397,16.0040067815311,-1.6623590076831116,-0.76752544974832548,0.27134001678744973,1.5803906693769401,-51.454461661116135,18.79543258217381,0.1346267968421308,-0.26375852767893404,-0.10115774285526494,1,1.8307835762794629,1.7616246212198707,1,1,1
1785822398.5032218,5,0.931392,0.999010573663627,1.1305077426780969,0.044473292078172799,3,1,0,1,-0.014200238611618348,0.78001166959741297,-0.61834423831276863,-0.78311143089867574,-2.1991389683494966,0.4371047879222949,-0.1620298057684163,-0.12285776481341455,0.18838190604723565,-0.017093254234909851,-0.00071221892645457715,0.0010683283896818657,2.3893788561262728,-49.938018093039098,17.310055466445053,-0.17310055466445054,-0.26553907499507046,-0.16438133213980552,-1.9479860433047058e-15,-46.438739160412652,16.008066108455914,-1.6618106680970575,-0.75175051952057004,0.27131782396772902,2.5462930519830826,-50.648096318035812,17.909837328079217,0.16453999175322304,-0.26375852767893404,-0.1038285638294696,1,1.8307835762794629,1.7616246212198707,1,1,1
1785822398.5232217,5,0.960256,0.999010573663627,1.1305077426780969,0.044473292078172799,3,1,0,1,-0.018273451211133995,0.776832646293806,-0.61373280349374104,-0.78358462979889909,-2.1991422907088762,0.43712092509642486,-0.25675492298687508,-0.2019140656498726,0.2802581475598761,-0.032405961153683258,0,0,3.5044223223185331,-48.225629912815272,16.117584978756618,0.19233394962716727,-0.16438133213980552,-0.063223589284540582,-2.9468208472341328e-15,-46.350978367301771,16.014414503598022,-1.6608740125522583,-0.72421926232700706,0.27127189172969662,3.5589348470677553,-49.745136237625147,16.709837328079242,0.22579081942831666,-0.26553907499507046,-0.10115774285526494,1,1.8307835762794629,1.7616246212198707,1,1,1
1785822398.5432217,5,0.98182400000000003,0.999010573663627,1.1305077426780969,0.044473292078172799,3,1,0,1,-0.024339604815702801,0.77217469844346265,-0.60739136868342547,-0.78446505503452035,-2.1991380191039593,0.43712139971919339,-0.36750496605056182,-0.27384817722178489,0.35967055785956142,-0.057333623579593457,0.00071221892645457715,0.00035610946322728857,4.8982266550588589,-47.429170294106513,15.098215045732632,0.84626937835953597,-0.10115774285526494,-0.23392728035280017,-2.7463654180687191e-15,-46.219756790615556,16.021658566436297,-1.6599900278642397,-0.68497583037270027,0.27123739563710059,4.8879353638319962,-48.881926898762202,15.509837328079252,0.32550146913195743,-0.26731962231120687,-0.10204801651333316,1,1.8307835762794629,1.7616246212198707,1,1,1
1785822398.5632217,5,0.9953280000000001,0.999010573663627,1.1305077426780969,0.044473292078172799,3,1,0,1,-0.033767511489762328,0.76506912097581536,-0.59843713553235789,-0.78599903582240604,-2.1991346967445797,0.43711712811427667,-0.49036273086397636,-0.37961268780028962,0.46579117790129343,-0.080124629226139929,-0.00035610946322728857,-0.00035610946322728857,6.8097297399598773,-44.601738647690425,13.540310053752576,0.096166974813583633,-0.3350850232080651,-0.031611794642270291,-2.0343834039246445e-15,-46.014135971470751,16.028571333583134,-1.6590251736648749,-0.62722142487592381,0.2711971979915852,6.3340291348311464,-47.65377211925815,14.309837328079242,0.41666549171814338,-0.26464880133700225,-0.10026746919719672,1,1.8307835762794629,1.7616246212198707,1,1,1
1785822398.5832217,5,1,0.999010573663627,1.1305077426780969,0.044473292078172799,3,1,0,1,-0.044208263151862673,0.75683014433692086,-0.58865326178190158,-0.78765357079349796,-2.199114287965533,0.43711712811427667,-0.58117064398693496,-0.45831287917352037,0.53558863269384205,-0.090451803659731295,0.0028488757058183086,0,7.1283135874433805,-44.123862876465168,11.963171666809805,0.4616014791052015,-0.30347322856579484,-0.063223589284540582,-3.8644082508629274e-15,-45.768500504446422,16.031345260057858,-1.6572244383421442,-0.56227028477257535,0.27104607766125521,7.4194507787479216,-46.668350475341377,13.109837328079232,0.45797418945250878,-0.27266126425961623,-0.10115774285526494,1,1.8307835762794629,1.7616246212198707,1,1,1
1785822398.6032217,5,1,0.999010573663627,1.1305077426780969,0.044473292078172799,3,1,0,1,-0.056520452390272771,0.74725652847292301,-0.57777680641829166,-0.78955396035868797,-2.1989571878291501,0.43711902660535074,-0.67553965174216646,-0.51991981631184125,0.57119957901657081,-0.10327174433591368,0.015312706918773409,0.00035610946322728857,8.522117920183705,-43.805279028981666,12.617107095542174,0.38466789925433453,-0.43624276606333007,-0.13276953749753523,-9.5189427087166711e-15,-45.474382554706665,16.028516141840875,-1.6547156352470977,-0.4879775826827436,0.27077188751505615,8.5843515921312523,-45.929067229681529,12.667500938958627,0.50925395215723834,-0.30382084229200396,-0.10204801651333316,1,1.8307835762794629,1.7616246212198707,1,1,1
1785822398.6232216,5,1,0.999010573663627,1.1305077426780969,0.044473292078172799,3,1,0,1,-0.071996002380928473,0.73551673429335884,-0.56597815901542992,-0.791797976808293,-2.1985219587504088,0.4371185519825822,-0.75174707687280617,-0.56763848438429798,0.57654122096498017,-0.11359891876950505,0.021366567793637315,0,9.4778694626342155,-43.645987105239911,12.155505616436972,0.4616014791052015,-0.3350850232080651,-0.10115774285526494,-4.0032945491583205e-15,-45.102654571778828,16.017694569172196,-1.6513803473146367,-0.40146759397193921,0.27032921956029732,9.4988406936989289,-45.356443212812046,12.603401235577715,0.55056264989160386,-0.31895549447916371,-0.10115774285526494,1,1.8307835762794629,1.7616246212198707,1,1,1
1785822398.6432216,5,1,0.999010573663627,1.1305077426780969,0.044473292078172799,3,1,0,1,-0.087200068147985588,0.72424681665463841,-0.55418378321748496,-0.79410606733164935,-2.198110935432863,0.43711475500043401,-0.80765626259949042,-0.59114170895729901,0.56799459384752526,-0.10968171467400488,0.019229911014273581,0,9.4778694626342155,-44.283154800206923,12.520940120728589,0.4616014791052015,-0.36669681785033542,-0.23392728035280017,-6.4072282635746491e-16,-44.732615840727121,15.998122593424963,-1.6474169482229448,-0.31639695486237801,0.26977126794949696,10.169750922419141,-45.074404517936031,12.705960760987175,0.53489383350960318,-0.31361385253075441,-0.10115774285526494,1,1.8307835762794629,1.7616246212198707,1,1,1
1785822398.6632216,5,1,0.999010573663627,1.1305077426780969,0.044473292078172799,3,1,0,1,-0.10337995832713828,0.71252315964920421,-0.54338374211960816,-0.79614552136801842,-2.1977777502493554,0.43711048339551722,-0.8496771792603105,-0.61001551050834535,0.53736918000997846,-0.09686177399782249,0.013532159602636965,0,11.349549566599794,-44.123862876465168,12.520940120728589,0.28850092444075093,-0.16438133213980552,-0.20231548571052987,-4.3317129397313359e-15,-44.336437018353152,15.97037988624156,-1.641918155380639,-0.23363564983784721,0.26901669508247283,10.674001922348982,-44.847918899323474,13.073465727037735,0.48361407080487362,-0.29936947400166286,-0.10115774285526494,1,1.8307835762794629,1.7616246212198707,1,1,1
1785822398.6832216,5,1,0.999010573663627,1.1305077426780969,0.044473292078172799,3,1,0,1,-0.12112847675627925,0.69995325024748289,-0.53259841432755572,-0.79791728816293706,-2.197507215271294,0.43711380575489694,-0.88457590665658481,-0.61678159030966384,0.51066097026793178,-0.075495206204185178,0.015312706918773409,0.00071221892645457715,11.230080623793482,-44.283154800206923,12.617107095542174,0.28850092444075093,-0.26553907499507046,0,-2.5887901848251071e-15,-43.899338667666811,15.932689954533172,-1.6342005642948598,-0.14835795091237652,0.26798447522621238,11.092786651104273,-44.766725941707655,13.393964243942296,0.39814779963032432,-0.30382084229200396,-0.10293829017140138,1,1.8307835762794629,1.7616246212198707,1,1,1
1785822398.7032216,5,1,0.999010573663627,1.1305077426780969,0.044473292078172799,3,1,0,1,-0.13863398832793336,0.68796902534212634,-0.52293129777815761,-0.79920588897949318,-2.1972419011436863,0.43711902660535074,-0.90914745961926768,-0.62497210796389147,0.49356771603302196,-0.057689733042820747,0.0089027365806822138,0.00035610946322728857,11.82742533782505,-44.44244672394867,13.713410608417027,0.38466789925433453,-0.26553907499507046,-0.20231548571052987,-2.531042866613098e-15,-43.471733864436189,15.890033144419039,-1.6252233169279606,-0.06965286131793004,0.26679261351821715,11.387645286656467,-44.668439729856921,13.599083294761213,0.32692590698486662,-0.28779591644677599,-0.10204801651333316,1,1.8307835762794629,1.7616246212198707,1,1,1
1785822398.7232218,5,1,0.999010573663627,1.1305077426780969,0.044473292078172799,3,1,0,1,-0.15627571663415529,0.67582010633609013,-0.51381284514917902,-0.8001356749830415,-2.1971469765899805,0.43712139971919339,-0.90558636498699485,-0.61464493353030003,0.45083458044574731,-0.040240369344683606,0.0046294230219547511,0,11.508841490341547,-44.920322495173927,14.828947516254598,0.19233394962716727,-0.10115774285526494,-0.16438133213980552,-2.5967590707928756e-15,-43.027671458571433,15.840252678750373,-1.614484722502783,0.006787978396818703,0.2653991337667379,11.344912151069193,-44.792365823060024,14.11188092180851,0.25712845219231806,-0.27711263254995733,-0.10115774285526494,1,1.8307835762794629,1.7616246212198707,1,1,1
1785822398.7432218,5,1,0.999010573663627,1.1305077426780969,0.044473292078172799,3,1,0,1,-0.17384577690232936,0.66406654809623866,-0.50542103997881827,-0.8007797380799353,-2.1970055390049588,0.43712709519241577,-0.90950356908249497,-0.60182499285411772,0.41486752465979115,-0.028488757058183087,0.0078344081910003485,0.00035610946322728857,10.752204852568227,-45.995542980430749,14.828947516254598,0.28850092444075093,-0.40463097142105975,0,-7.6764088792133367e-15,-42.588842241400528,15.786703049104176,-1.6030271277444252,0.079032258476253114,0.26390189534411002,11.391918600215195,-44.946205111174208,14.543485591239984,0.21012200304631598,-0.28512509547257131,-0.10204801651333316,1,1.8307835762794629,1.7616246212198707,1,1,1
1785822398.7632217,5,1,0.999010573663627,1.1305077426780969,0.044473292078172799,3,1,0,1,-0.19357774388115287,0.65096078958884818,-0.49664953659363426,-0.80136637182183712,-2.1968835609534469,0.43713991000716601,-0.91199633532508606,-0.60716663480252697,0.39492539471906302,-0.025995990815592066,0.0024927662425910197,0,11.070788700051731,-45.517667209205491,15.098215045732632,-0.26926752947803417,-0.3350850232080651,-0.13276953749753523,-3.5843859347642337e-15,-42.089306048655615,15.721108005686377,-1.5894739923160728,0.15721181427299827,0.26212061149028526,11.421831795126288,-44.882105407793297,14.748778252236717,0.20015093807595191,-0.27177099060154802,-0.10115774285526494,1,1.8307835762794629,1.7616246212198707,1,1,1
1785822398.7832217,5,1,0.999010573663627,1.1305077426780969,0.044473292078172799,3,1,0,1,-0.21123988096642154,0.63943077867297382,-0.48939160521728919,-0.80177976825322583,-2.1968584059467147,0.43715082633084218,-0.90380581767085844,-0.57760954935466202,0.35005560235242467,-0.015668816382000697,0.003204985169045597,0,12.623884956533807,-45.676959132947246,16.194518558607484,0.4616014791052015,-0.26553907499507046,-0.26553907499507046,-1.4060204823335143e-15,-41.641125188877929,15.658410881413975,-1.5768654604860743,0.2239472191935532,0.26046238668519506,11.323545583275557,-45.236790433167677,15.32122865892838,0.15884224034158642,-0.27355153791768444,-0.10115774285526494,1,1.8307835762794629,1.7616246212198707,1,1,1
1785822398.8032217,5,1,0.999010573663627,1.1305077426780969,0.044473292078172799,3,1,0,1,-0.22963910721121572,0.62795582399824879,-0.48271318824131804,-0.80197341434278568,-2.1967345294041287,0.43715699642683309,-0.88742478236240308,-0.55090133961261545,0.30269304374319528,-0.0046294230219547511,0.0081905176542276369,0.0010683283896818657,10.592912928826475,-46.951294522881255,16.194518558607484,-0.26926752947803417,-0.23392728035280017,-0.063223589284540582,-5.3128074856134688e-15,-41.18875082348756,15.593029801628166,-1.5637173467870744,0.28838378949036136,0.25871914233266619,11.126973159574092,-45.557288950072234,15.889579362239134,0.11468466690140264,-0.28601536913063957,-0.1038285638294696,1,1.8307835762794629,1.7616246212198707,1,1,1
1785822398.8232217,5,1,0.999010573663627,1.1305077426780969,0.044473292078172799,3,1,0,1,-0.2466685721460353,0.61728155793403217,-0.47699778086269212,-0.80200521406827707,-2.1965489519016339,0.43716031878621275,-0.86534599564231118,-0.53808139893643303,0.28061425702310339,-0.00071221892645457715,0.011751612286500523,0,11.070788700051731,-45.358375285463744,16.848453987339855,0.4616014791052015,-0.36669681785033542,-0.13276953749753523,-3.9586254196519177e-15,-40.762708512467007,15.529914456873216,-1.5511114914810187,0.34651938093703832,0.25703572278272946,10.862027718932989,-45.711128238186426,16.154524802880236,0.099015850519401941,-0.29491810571132177,-0.10115774285526494,1,1.8307835762794629,1.7616246212198707,1,1,1
1785822398.8432217,5,1,0.999010573663627,1.1305077426780969,0.044473292078172799,3,1,0,1,-0.26317168043055622,0.60725610119439466,-0.47190223081976507,-0.80200426482274001,-2.1962105458676726,0.43715984416344428,-0.83472058180476438,-0.4949921538859311,0.23574446465646504,0.00035610946322728857,0.021010458330410025,-0.00035610946322728857,11.070788700051731,-48.066337989073517,17.213888491631472,0.65393542873236876,-0.3350850232080651,-0.13276953749753523,-3.9028974279861628e-15,-40.357977397425643,15.468614213476478,-1.5392268449955537,0.40052308324299057,0.25541725859526909,10.494522752882428,-46.228199178792451,16.692962311279896,0.094742536960674473,-0.31806522082109551,-0.10026746919719672,1,1.8307835762794629,1.7616246212198707,1,1,1
1785822398.8632216,5,1,0.999010573663627,1.1305077426780969,0.044473292078172799,3,1,0,1,-0.28022914810871896,0.59705455940763297,-0.46728557515028374,-0.80198955151691564,-2.1958588503961929,0.43715747104960162,-0.74391266868180583,-0.4576006602470658,0.19586020477500871,0.00071221892645457715,0.0085466271174549253,-0.00071221892645457715,9.4778694626342155,-48.225629912815272,17.944757500214706,0,-0.13276953749753523,-0.063223589284540582,-1.7311727138619171e-15,-39.94262189893675,15.40515233143122,-1.5272202782736801,0.45340419556638256,0.25377156720742866,9.4159339479338389,-46.676897102458831,17.163200412917732,0.093318099107765326,-0.28690564278870778,-0.099377195539128493,1,1.8307835762794629,1.7616246212198707,1,1,1
1785822398.8832216,5,1,0.999010573663627,1.1305077426780969,0.044473292078172799,3,1,0,1,-0.29378722211451763,0.58851704504733382,-0.46399596474160948,-0.80197293972001715,-2.1958341700122292,0.43715272482191631,-0.66165138267630219,-0.41415530573333659,0.16416646254778003,0.00035610946322728857,-0.00035610946322728857,-0.00071221892645457715,8.3628259964419538,-47.588462217848267,18.598692928947077,0,-0.30347322856579484,-0.13276953749753523,-3.312034349035875e-15,-39.592194957069012,15.351040270931446,-1.5170799777712567,0.49479453013964636,0.25241101405306887,8.4176923633408816,-47.198241356623583,18.080231261679678,0.094742536960674473,-0.26464880133700225,-0.099377195539128493,1,1.8307835762794629,1.7616246212198707,1,1,1
1785822398.9032216,5,1,0.999010573663627,1.1305077426780969,0.044473292078172799,3,1,0,1,-0.30520854441639883,0.5815111383610776,-0.46128159712839223,-0.80196249801910946,-2.19582752529347,0.43715082633084218,-0.59470280358957195,-0.35326058752147027,0.11324280930627777,0.00035610946322728857,0.00035610946322728857,0,6.8097297399598773,-48.982266550588591,18.675626508797944,0.38466789925433453,-0.3350850232080651,0.069545948212994646,-4.1531312893958172e-15,-39.301560219881011,15.304883283880434,-1.5085799934700483,0.52872462718610591,0.25126694544414713,7.6143094143001173,-47.928977975165978,18.589467794094702,0.094742536960674473,-0.26642934865313866,-0.10115774285526494,1,1.8307835762794629,1.7616246212198707,1,1,1
1785822398.9232216,5,1,0.999010573663627,1.1305077426780969,0.044473292078172799,3,1,0,1,-0.31696210265625036,0.57439416994698567,-0.45953735845404831,-0.80194588622221097,-2.1958398654854516,0.43714750397146251,-0.50140212422402231,-0.31408854656646851,0.057689733042820747,0.00035610946322728857,-0.0014244378529091543,0,6.3318539687346229,-50.575185788006102,19.791163416635513,0.19233394962716727,-0.26553907499507046,0.037934153570724355,-1.8102381572904225e-15,-39.008873842207748,15.26146363945611,-1.5006678201371708,0.55955088405273079,0.25020114420408501,6.5058074144404356,-48.399042466626,19.060378022814913,0.094742536960674473,-0.26197798036279757,-0.10115774285526494,1,1.8307835762794629,1.7616246212198707,1,1,1
1785822398.9432216,5,1,0.999010573663627,1.1305077426780969,0.044473292078172799,3,1,0,1,-0.32526800110550735,0.5689977090688112,-0.45877606353332778,-0.80192879980254395,-2.1958503071863595,0.43713848613886047,-0.41557974358624578,-0.27562872453792137,0.022791005646546469,0.00035610946322728857,-0.00035610946322728857,0,6.0132701212511197,-50.734477711747857,20.252764895740714,-0.17310055466445054,-0.26553907499507046,0,-2.4785132713561753e-15,-38.788347444045328,15.230574223622632,-1.4950828485238605,0.58093476268737521,0.24944760950656666,5.4648326942602035,-48.860560330968568,19.339567841985104,0.094742536960674473,-0.26464880133700225,-0.10115774285526494,1,1.8307835762794629,1.7616246212198707,1,1,1
1785822398.9632218,5,1,0.999010573663627,1.1305077426780969,0.044473292078172799,3,1,0,1,-0.33347897500105861,0.56365060895856378,-0.45876277409580901,-0.80192785055700688,-2.1958740383247859,0.43713516377948075,-0.35219225913178837,-0.22755394700223738,-0.0085466271174549253,0,-0.0024927662425910197,-0.00035610946322728857,3.9424751126083497,-51.212353482973114,20.425865450405166,-0.076933579850866907,-0.20231548571052987,0,-3.1501900697381013e-15,-38.572563446567166,15.203139722051201,-1.4901941942489985,0.59950513938676331,0.2487870811998377,4.704182880806715,-49.43745766139677,19.590268904097115,0.096166974813583633,-0.25930715938859289,-0.10026746919719672,1,1.8307835762794629,1.7616246212198707,1,1,1
1785822398.9832218,5,1,0.999010573663627,1.1305077426780969,0.044473292078172799,3,1,0,1,-0.33975965809700248,0.55957549786797411,-0.4588301705289401,-0.80192737593423835,-2.1959139066373421,0.43713373991117516,-0.29877583964769511,-0.19087467228982666,-0.00071221892645457715,0,-0.00035610946322728857,-0.00035610946322728857,4.7389347313171077,-51.530937330456617,20.060430946113549,-0.076933579850866907,-0.26553907499507046,0.037934153570724355,-2.3788886442319135e-15,-38.407717695263919,15.182252722266853,-1.4864868506116151,0.61331370125825513,0.24828809895514631,4.0631858469975954,-49.695859613366054,19.527593638569115,0.096166974813583633,-0.26464880133700225,-0.10026746919719672,1,1.8307835762794629,1.7616246212198707,1,1,1
1785822399.0032218,5,1,0.999010573663627,1.1305077426780969,0.044473292078172799,3,1,0,1,-0.34533695024998645,0.55611549788539782,-0.45885342704459803,-0.80192025659271038,-2.195912008146268,0.43713326528840662,-0.24286665392101081,-0.14849764616577935,-0.0014244378529091543,0.00035610946322728857,0,0,3.5044223223185331,-50.734477711747857,19.964263971299964,-0.076933579850866907,-0.26553907499507046,-0.031611794642270291,-5.5758484851856083e-15,-38.267223762722345,15.164290840302668,-1.4833136442576305,0.62524489894642787,0.24785619987975807,3.4119283979217534,-50.289137979102712,19.53329138998075,0.094742536960674473,-0.26553907499507046,-0.10115774285526494,1,1.8307835762794629,1.7616246212198707,1,1,1
1785822399.0232217,5,1,0.999010573663627,1.1305077426780969,0.044473292078172799,3,1,0,1,-0.34966930688111891,0.55365979968102896,-0.45887763280579302,-0.80192120583824744,-2.1959115335234998,0.43713373991117516,-0.21081680223055482,-0.11253059037982319,0,0,0,0,3.1858384748350304,-51.849521177940119,18.867960458425109,0.096166974813583633,-0.26553907499507046,-0.16438133213980552,-4.0382329641666659e-15,-38.16727109258273,15.151464814119935,-1.4810720509260982,0.6336860848286604,0.24755031796914692,3.0076773979919125,-50.79267676010609,19.521895887157477,0.096166974813583633,-0.26553907499507046,-0.10115774285526494,1,1.8307835762794629,1.7616246212198707,1,1,1
1785822399.0432217,5,1,0.999010573663627,1.1305077426780969,0.044473292078172799,3,1,0,1,-0.35362054142912264,0.55166733329874429,-0.45887478506918183,-0.80192452819762716,-2.1959110589007311,0.43713373991117516,-0.20298239403955448,-0.092232350975867738,0.00035610946322728857,0,0.00071221892645457715,0.00035610946322728857,3.0265465510932787,-51.053061559231359,19.694996441821928,-0.17310055466445054,-0.26553907499507046,-0.20231548571052987,-2.5355423056289128e-15,-38.085879094786868,15.140870083943071,-1.4792322944376928,0.64061336885085285,0.24729885034173449,2.9136644996999079,-51.061316813713205,19.519047011451658,0.096166974813583633,-0.26731962231120687,-0.10204801651333316,1,1.8307835762794629,1.7616246212198707,1,1,1
1785822399.0632217,5,1,0.999010573663627,1.1305077426780969,0.044473292078172799,3,1,0,1,-0.35745074717115144,0.54998954181199444,-0.45886956421872799,-0.80192452819762716,-2.1959105842779625,0.43713184142010103,-0.17342530859168953,-0.069085235866093983,0.00035610946322728857,-0.00035610946322728857,0,0,3.0265465510932787,-51.849521177940119,19.521895887157477,-0.076933579850866907,-0.36669681785033542,-0.30347322856579484,-4.2517394769833738e-15,-38.017212382438068,15.131889000080237,-1.477668608097271,0.64645140746635699,0.24708531665031847,2.7058300915089082,-51.339082195030493,19.519047011451658,0.097591412666492794,-0.26553907499507046,-0.10115774285526494,1,1.8307835762794629,1.7616246212198707,1,1,1
1785822399.0832217,5,1,0.999010573663627,1.1305077426780969,0.044473292078172799,3,1,0,1,-0.36053342205274713,0.5488162743281908,-0.45886908959595951,-0.80192405357485863,-2.1959124827690366,0.4371299429290269,-0.15205874079805221,-0.052704200557638706,0,0,-0.00071221892645457715,0,2.0707950086427696,-52.606157815713438,19.694996441821928,-0.44236808414248474,-0.36669681785033542,-0.13276953749753523,-4.2598845458041712e-15,-37.96914095614882,15.125591646786605,-1.4765717625023136,0.6505147284968319,0.24693582488565183,2.4066981423979854,-51.535654618731954,19.521895887157477,0.096166974813583633,-0.26375852767893404,-0.10115774285526494,1,1.8307835762794629,1.7616246212198707,1,1,1
1785822399.1032217,5,1,0.999010573663627,1.1305077426780969,0.044473292078172799,3,1,0,1,-0.36365691449243631,0.54792635663719891,-0.45886956421872799,-0.80192405357485863,-2.1959167543739535,0.4371275698151843,-0.13638992441605152,-0.032405961153683258,0,0.00035610946322728857,-0.00035610946322728857,-0.00035610946322728857,2.2300869323845212,-52.168105025423621,19.425728912343896,0,-0.20231548571052987,-0.23392728035280017,-5.3117774935496076e-16,-37.932638006805611,15.120794363107148,-1.4757366750948735,0.653585347262714,0.24682235615010001,2.1873347130499758,-51.779233491579419,19.521895887157477,0.094742536960674473,-0.26464880133700225,-0.10026746919719672,1,1.8307835762794629,1.7616246212198707,1,1,1
1785822399.1232216,5,1,0.999010573663627,1.1305077426780969,0.044473292078172799,3,1,0,1,-0.36604901324582234,0.54741613716103033,-0.45887146270980211,-0.8019235789520901,-2.1959267214520923,0.43712472207857311,-0.1121744809165959,-0.021010458330410025,-0.00035610946322728857,0,-0.0010683283896818657,-0.00035610946322728857,1.5929192374175152,-52.008813101681866,19.598829467008347,0,-0.30347322856579484,-0.20231548571052987,-1.7220789681401949e-15,-37.911676598903675,15.118018589402096,-1.4752488146750198,0.65531738738925305,0.24675715469815152,1.8483185040575973,-51.915979525458702,19.524744762863296,0.096166974813583633,-0.26286825402086578,-0.10026746919719672,1,1.8307835762794629,1.7616246212198707,1,1,1
1785822399.1432216,5,1,0.999010573663627,1.1305077426780969,0.044473292078172799,3,1,0,1,-0.3681112491750807,0.54713990670974644,-0.45888142978794122,-0.80192262970655304,-2.1959509272132873,0.43712377283303605,-0.10184730648300452,-0.0085466271174549253,-0.00035610946322728857,0.00035610946322728857,-0.0017805473161364429,0,1.4336273136757636,-53.084033586938688,19.060294408052279,0.38466789925433453,-0.20231548571052987,0.037934153570724355,-1.9209487516283485e-15,-37.900301726575663,15.116489766199441,-1.4749699726613288,0.65616822932838315,0.24672234850073765,1.7037380619873179,-52.06554550001416,19.524744762863296,0.094742536960674473,-0.26108770670472936,-0.10115774285526494,1,1.8307835762794629,1.7616246212198707,1,1,1
1785822399.1632216,5,1,0.999010573663627,1.1305077426780969,0.044473292078172799,3,1,0,1,-0.36986545492756379,0.54708674895967124,-0.45888332827901535,-0.80192168046101597,-2.1960007626039828,0.43712282358749899,-0.079056300836458065,0.0010683283896818657,0,0.00035610946322728857,-0.003204985169045597,-0.00035610946322728857,1.2743353899340122,-51.849521177940119,19.694996441821928,-0.17310055466445054,-0.23392728035280017,0,-2.4581167179862917e-15,-37.897935734810083,15.116020480976253,-1.474862906407272,0.65619891094235805,0.24671441107321718,1.4265513812627513,-52.180924966099802,19.521895887157477,0.094742536960674473,-0.25752661207245647,-0.10026746919719672,1,1.8307835762794629,1.7616246212198707,1,1,1
1785822399.1832216,5,1,0.999010573663627,1.1305077426780969,0.044473292078172799,3,1,0,1,-0.37120578962588963,0.5470952921695047,-0.45891512800450679,-0.80192073121547891,-2.1960320877067061,0.43712234896473046,-0.056265295189911593,0.00071221892645457715,-0.0035610946322728858,0.00035610946322728857,0,0.00035610946322728857,0.95575154245050908,-50.734477711747857,19.233394962716726,-0.17310055466445054,-0.26553907499507046,0.037934153570724355,-4.5815402253263082e-15,-37.898345476821412,15.116117209593254,-1.4748625826612747,0.655966326256468,0.24671860722146058,1.1530593135041938,-52.176651652541075,19.550384644215661,0.094742536960674473,-0.26553907499507046,-0.10204801651333316,1,1.8307835762794629,1.7616246212198707,1,1,1
1785822399.2032216,5,1,0.999010573663627,1.1305077426780969,0.044473292078172799,3,1,0,1,-0.37217686781029991,0.54709861452888442,-0.45900008548007348,-0.80192120583824744,-2.1960320877067061,0.43712234896473046,-0.046294230219547511,0,-0.0028488757058183086,-0.00035610946322728857,0,0.00035610946322728857,0.63716769496700609,-52.765449739455185,19.598829467008347,0.55776845391878516,-0.23392728035280017,0,-3.4607733345737302e-15,-37.898965319798059,15.11659293323796,-1.474946242775693,0.65566092391295461,0.24673000645770241,1.0334065338598246,-52.168105025423621,19.544686892804023,0.097591412666492794,-0.26553907499507046,-0.10204801651333316,1,1.8307835762794629,1.7616246212198707,1,1,1
1785822399.2232218,5,1,0.999010573663627,1.1305077426780969,0.044473292078172799,3,1,0,1,-0.37301789935613322,0.54709291905566204,-0.45899771236623083,-0.80192025659271038,-2.1960368339343912,0.43712234896473046,-0.032405961153683258,0,0.0010683283896818657,0.00035610946322728857,-0.00035610946322728857,0,0.95575154245050908,-52.765449739455185,19.060294408052279,0,-0.3350850232080651,0,-3.8706830709361872e-15,-37.898700174536536,15.11653177093986,-1.4749309787535894,0.65567391686001963,0.24672862989120417,0.86674730506945363,-52.168105025423621,19.513349260040023,0.094742536960674473,-0.26464880133700225,-0.10115774285526494,1,1.8307835762794629,1.7616246212198707,1,1,1
# event,1785822399.537055,HOLDING,入口保持力矩与重力模型方向或量级不一致；增强阻尼后仍未达到严格静止阈值；已切到驱动器当前位置保持，正在恢复 ROS 位置控制器
1785822399.3832216,5,1,0.999010573663627,1.1305077426780969,0.044473292078172799,3,1,0,1,-0.37386130401580919,0.54707678188153208,-0.45897920207825821,-0.80190411941858042,-2.1961953579390801,0.4371185519825822,0.00071221892645457715,0,0,0,-0.00071221892645457715,-0.00035610946322728857,0.95575154245050908,-53.084033586938688,19.791163416635513,-0.076933579850866907,-0.23392728035280017,-0.26553907499507046,-4.0503082658627232e-15,-37.897324028697589,15.115742805898762,-1.474677918237326,0.65531158049128457,0.24671657179691675,0.46932914410779963,-52.168105025423621,19.521895887157477,0.096166974813583633,-0.26375852767893404,-0.10026746919719672,1,1.8307835762794629,1.7616246212198707,1,1,1
1785822399.4032216,5,1,0.999010573663627,1.1305077426780969,0.044473292078172799,3,1,0,1,-0.37385418467428128,0.54707725650430061,-0.45898015132379527,-0.80190032243643217,-2.196198205675691,0.4371185519825822,0.00035610946322728857,0.00035610946322728857,0.00035610946322728857,0.00035610946322728857,0,0.00035610946322728857,0.31858384748350305,-52.327396949165369,18.675626508797944,0.19233394962716727,-0.16438133213980552,-0.031611794642270291,1.5905110345090789e-15,-37.89734089434797,15.115742603443886,-1.4746666772346111,0.65529399702634461,0.24671575032371357,0.47360245766652709,-52.172378338982348,19.519047011451658,0.094742536960674473,-0.26553907499507046,-0.10204801651333316,1,1.8307835762794629,1.7616246212198707,1,1,1
1785822399.4232216,5,1,0.999010573663627,1.1305077426780969,0.044473292078172799,3,1,0,1,-0.37385228618320715,0.54707773112706914,-0.45897967670102674,-0.80189700007705245,-2.1961986802984597,0.43711807735981373,0,0.00035610946322728857,0,0,0,0,0.47787577122525454,-51.849521177940119,19.329561937530311,0,-0.20231548571052987,-0.031611794642270291,-1.1178530974140233e-15,-37.897358631372263,15.115743607457851,-1.4746578518382205,0.65528882224690499,0.24671492825015132,0.47787577122525454,-52.172378338982348,19.521895887157477,0.096166974813583633,-0.26553907499507046,-0.10115774285526494,1,1.8307835762794629,1.7616246212198707,1,1,1
1785822399.4432216,5,1,0.999010573663627,1.1305077426780969,0.044473292078172799,3,1,0,1,-0.37384706533275336,0.54707725650430061,-0.45897920207825821,-0.80189415234044137,-2.1961986802984597,0.43711807735981373,0.00035610946322728857,0.00035610946322728857,-0.00035610946322728857,0.00035610946322728857,0.00035610946322728857,0,-0.11946894280631364,-52.008813101681866,19.329561937530311,0,-0.3350850232080651,-0.10115774285526494,-2.3177125366494189e-15,-37.897338810711261,15.115740878007532,-1.4746499628774135,0.65528887670758829,0.24671410446486328,0.47360245766652709,-52.172378338982348,19.524744762863296,0.094742536960674473,-0.26642934865313866,-0.10115774285526494,1,1.8307835762794629,1.7616246212198707,1,1,1
1785822399.4522216,0,0,0.999010573663627,1.1305077426780969,0.044473292078172799,3,1,0,0,-0.37384421759614217,0.54708057886368033,-0.45898252443763793,-0.80189320309490431,-2.1961991549212283,0.4371176027370452,0,0.0010683283896818657,-0.0010683283896818657,0,-0.00035610946322728857,-0.00035610946322728857,-0.27876086654806514,-48.225629912815272,18.675626508797944,-0.076933579850866907,-0.20231548571052987,-0.10115774285526494,-2.7989085658527979e-15,-37.897493098132401,15.115775725947696,-1.474653180517459,0.65526337030920545,0.2467147169335043,0,0,0,0,0,0,1,1.8307835762794629,1.7616246212198707,1,1,1
# event,1785822399.7368648,HOLDING,驱动器当前位置保持中；等待编码器确认静止
# event,1785822400.0845654,READY,已从驱动器临时保持恢复 ROS 位置控制器
# event,1785822400.1394718,READY,位置控制在线；按下 FREE 即进入零力拖拽，松开退出
# event,1785822402.0398459,ENTERING,实体 FREE (DI bit 5) 请求切换到零力拖拽
