archive_path	source_path	description
data/elfin_citrus_data	/home/catas/elfin_citrus_data	Complete readable CEA and Elfin data snapshot
media/original_images	/home/catas/图片	Original photographs and screenshots
runtime/elfin_vision_logs	/home/catas/.ros/elfin_vision	Vision runtime logs
runtime/elfin_freedrive_trials	/home/catas/.ros/elfin_freedrive_trials	Freedrive trial CSV records
runtime/elfin_payload_calibration_runs	/home/catas/.ros/elfin_payload_calibration_runs	Payload calibration runs
evidence/elfin_evidence	/home/catas/elfin_evidence	Additional RGB-D acceptance evidence
environment/migration_from_jetson	/home/catas/migration_from_jetson/{real_runtime,handoff,manifests,scripts,logs}	Selected reproducibility environment files
notes/小论文最终方向_关键结论与执行上下文.md	/home/catas/小论文最终方向_关键结论与执行上下文.md	Unique research decision note
operations	/home/catas/{START,STOP,RECOVER,DETECT,VERIFY,TEST}_ELFIN*	Top-level operating entry points
