trial_id,recorded_at,record_status,invalidated_at,invalidation_reason,layout_index,repeat_index,order_in_block,indices_match_recommendation,method_id,method_label,robot_proximity_weight,blind_to_operator,score,score_meaning,note,outcome,no_feasible_plan,dry_run,tool_pulse_bypassed,plan_id,target_index,target_label,target_center_x,target_center_y,target_center_z,target_radius_m,selected_outward_x,selected_outward_y,selected_outward_z,selected_insertion_x,selected_insertion_y,selected_insertion_z,entry_pose_x,entry_pose_y,entry_pose_z,entry_pose_qx,entry_pose_qy,entry_pose_qz,entry_pose_qw,leg_entry_s,leg_insert_s,leg_retreat_s,leg_return_s,retimed_entry_eta_s,measured_execution_wall_clock_s,total_execution_cycle_s,execution_attempt_count,execution_replayed,joint_delta_l2_rad,joint_delta_inf_rad,joint_delta_weighted,light_transmission,local_light,utility,patch_utility,unknown_fraction,observed_fraction,soft_clearance_m,entry_distance_m,distance_score_exp_neg_d,reconstruction_view_count,reconstruction_complete,occupied_voxel_count,semantic_voxel_count,target_voxel_count,scene_id,group_number,moveit_message,result_json_path,batch_archive_path
L01R1O1-20260812-095428,2026-08-12T09:59:34.408,superseded,2026-08-12T10:22:22.731,操作者要求覆盖共享地图区块并从 0/3 重采,1,1,1,true,M1,geometric_centre,0.0,true,2,clean_hit,,executed,false,false,true,approach-1786528535099-0001,-1.0,reconstructed_citrus_1,-0.426056,0.114306,0.699444,0.029998,0.081225,-0.977176,-0.196289,-0.081225,0.977176,0.196289,-0.39519,-0.25702,0.624855,-0.445826,-0.45066,-0.50287,0.587594,1.693618,1.461679,1.361748,1.719186,0.471212,6.236353,7.399267,,,1.153101,0.712827,0.433473,0.571429,0.571429,0.113372,0.281463,0.742857,0.257143,-0.001021,0.309794,0.733598,10.0,true,60942.0,61251.0,216.0,probe_L01R1,11,已复用 approach-1786528535099-0001 完成入口、直线伸入和原路返回；未重新规划，未发送 OUTPUT_0/OUTPUT_1 或任何末端 IO,/home/catas/elfin_citrus_data/approach_results/approach_20260812-095930-561152_approach-1786528535099-0001_executed.json,/home/catas/elfin_citrus_data/nbv_batches/semantic_nbv_batch_20260812-095519_g0011.zip
L01R1O2-20260812-095936,2026-08-12T09:59:46.735,superseded,2026-08-12T10:22:22.731,操作者要求覆盖共享地图区块并从 0/3 重采,1,1,2,true,M2,task_conditioned,0.6,true,2,clean_hit,,executed,false,false,true,approach-1786528543439-0002,-1.0,reconstructed_citrus_1,-0.426056,0.114306,0.699444,0.029998,0.290547,-0.941475,-0.170898,-0.290547,0.941475,0.170898,-0.315648,-0.243454,0.634503,-0.393176,-0.509866,-0.441188,0.625142,1.357392,1.399958,1.365739,1.399604,0.382147,5.522817,6.606124,,,0.837469,0.53717,0.310456,0.428571,0.462185,0.108319,0.281463,0.714286,0.285714,-0.007422,0.238854,0.78753,10.0,true,60942.0,61251.0,216.0,probe_L01R1,11,已复用 approach-1786528543439-0002 完成入口、直线伸入和原路返回；未重新规划，未发送 OUTPUT_0/OUTPUT_1 或任何末端 IO,/home/catas/elfin_citrus_data/approach_results/approach_20260812-095945-213694_approach-1786528543439-0002_executed.json,/home/catas/elfin_citrus_data/nbv_batches/semantic_nbv_batch_20260812-095519_g0011.zip
L01R1O3-20260812-095948,2026-08-12T10:00:05.983,superseded,2026-08-12T10:22:22.731,操作者要求覆盖共享地图区块并从 0/3 重采,1,1,3,true,M3,straight_line,,true,2,clean_hit,,executed,false,false,true,approach-1786528552452-0003,-1.0,reconstructed_citrus_1,-0.426056,0.114306,0.699444,0.029998,0.781684,-0.623545,0.012695,-0.781684,0.623545,-0.012695,-0.129017,-0.122641,0.704269,-0.235364,-0.671529,-0.231806,0.663264,0.854458,2.100192,2.145889,1.010847,0.156434,6.111488,7.381271,,,0.163949,0.151402,0.047065,0.142857,0.109244,0.056061,,0.8,0.2,-0.006373,0.035937,0.964701,10.0,true,60942.0,61251.0,216.0,probe_L01R1,11,已复用 approach-1786528552452-0003 完成入口、直线伸入和原路返回；未重新规划，未发送 OUTPUT_0/OUTPUT_1 或任何末端 IO,/home/catas/elfin_citrus_data/approach_results/approach_20260812-100003-416420_approach-1786528552452-0003_executed.json,/home/catas/elfin_citrus_data/nbv_batches/semantic_nbv_batch_20260812-095519_g0011.zip
L01R2O1-20260812-100444,2026-08-12T10:08:11.690,superseded,2026-08-12T10:42:47.033,操作者要求覆盖共享地图区块并从 0/3 重采,1,2,1,true,M1,geometric_centre,0.0,true,2,clean_hit,,executed,false,false,true,approach-1786529147580-0004,-1.0,reconstructed_citrus_1,-0.492276,0.083465,0.677173,0.027101,0.245212,-0.967389,-0.063477,-0.245212,0.967389,0.063477,-0.399806,-0.281338,0.653236,-0.424931,-0.536373,-0.44279,0.579375,1.854002,1.40012,1.471236,1.967941,0.68678,6.693361,7.445596,,,1.410119,1.078245,0.47723,0.857143,0.831933,0.15104,0.304438,0.657143,0.342857,0.012473,0.4619,0.630085,10.0,true,51638.0,51985.0,185.0,probe_L01R2,13,已复用 approach-1786529147580-0004 完成入口、直线伸入和原路返回；未重新规划，未发送 OUTPUT_0/OUTPUT_1 或任何末端 IO,/home/catas/elfin_citrus_data/approach_results/approach_20260812-100810-439059_approach-1786529147580-0004_executed.json,/home/catas/elfin_citrus_data/nbv_batches/semantic_nbv_batch_20260812-100533_g0013.zip
L01R2O2-20260812-100812,2026-08-12T10:08:25.110,superseded,2026-08-12T10:42:47.033,操作者要求覆盖共享地图区块并从 0/3 重采,1,2,2,true,M3,straight_line,,true,1,contaminated_hit,,executed,false,false,true,approach-1786529206636-0005,-1.0,reconstructed_citrus_1,-0.492276,0.083465,0.677173,0.027101,0.808917,-0.580242,-0.094727,-0.808917,0.580242,0.094727,-0.187232,-0.135345,0.641452,-0.203384,-0.641305,-0.229313,0.703405,1.657592,1.600098,1.760147,1.599792,0.548358,6.617803,7.378908,,,1.266441,0.860923,0.465979,0.0,0.0,0.019459,,0.714286,0.285714,-0.009589,0.300539,0.740419,10.0,true,51638.0,51985.0,185.0,probe_L01R2,13,已复用 approach-1786529206636-0005 完成入口、直线伸入和原路返回；未重新规划，未发送 OUTPUT_0/OUTPUT_1 或任何末端 IO,/home/catas/elfin_citrus_data/approach_results/approach_20260812-100823-731568_approach-1786529206636-0005_executed.json,/home/catas/elfin_citrus_data/nbv_batches/semantic_nbv_batch_20260812-100533_g0013.zip
L01R2O3-20260812-100826,2026-08-12T10:08:39.815,superseded,2026-08-12T10:42:47.033,操作者要求覆盖共享地图区块并从 0/3 重采,1,2,3,true,M2,task_conditioned,0.6,true,2,clean_hit,,executed,false,false,true,approach-1786529213780-0006,-1.0,reconstructed_citrus_1,-0.492276,0.083465,0.677173,0.027101,0.447788,-0.893328,-0.038086,-0.447788,0.893328,0.038086,-0.323414,-0.25341,0.662811,-0.366115,-0.588996,-0.376567,0.614199,1.655921,1.399871,1.159247,1.900458,0.608143,6.11561,6.866494,,,1.205931,0.954784,0.378663,0.428571,0.504202,0.122736,0.304438,0.657143,0.342857,0.003847,0.391074,0.67633,10.0,true,51638.0,51985.0,185.0,probe_L01R2,13,已复用 approach-1786529213780-0006 完成入口、直线伸入和原路返回；未重新规划，未发送 OUTPUT_0/OUTPUT_1 或任何末端 IO,/home/catas/elfin_citrus_data/approach_results/approach_20260812-100835-816232_approach-1786529213780-0006_executed.json,/home/catas/elfin_citrus_data/nbv_batches/semantic_nbv_batch_20260812-100533_g0013.zip
L01R1O1-20260812-102533,2026-08-12T10:27:41.654,superseded,2026-08-12T10:42:42.288,操作者要求覆盖共享地图区块并从 0/3 重采,1,1,1,true,M1,geometric_centre,0.0,true,2,clean_hit,,executed,false,false,true,approach-1786530405143-0008,-1.0,reconstructed_citrus_1,-0.49976,0.27812,0.509,0.03662,0.17999,-0.84769,0.499023,-0.17999,0.84769,-0.499023,-0.430172,-0.049614,0.701932,-0.483423,-0.718202,-0.348094,0.359609,2.658893,1.199822,1.557307,2.528604,1.025637,7.944755,8.87456,,,2.153937,1.61025,0.739193,0.571429,0.722222,0.15127,0.313045,0.771429,0.228571,0.009811,0.736081,0.478987,10.0,true,60424.0,60690.0,150.0,probe_L01R1,15,已复用 approach-1786530405143-0008 完成入口、直线伸入和原路返回；未重新规划，未发送 OUTPUT_0/OUTPUT_1 或任何末端 IO,/home/catas/elfin_citrus_data/approach_results/approach_20260812-102716-476065_approach-1786530405143-0008_executed.json,/home/catas/elfin_citrus_data/nbv_batches/semantic_nbv_batch_20260812-102629_g0015.zip
L01R1O2-20260812-102743,2026-08-12T10:28:07.205,superseded,2026-08-12T10:42:42.288,操作者要求覆盖共享地图区块并从 0/3 重采,1,1,2,true,M2,task_conditioned,0.6,true,2,clean_hit,,executed,false,false,true,approach-1786530413446-0009,-1.0,reconstructed_citrus_1,-0.49976,0.27812,0.509,0.03662,0.531184,-0.759266,0.375977,-0.531184,0.759266,-0.375977,-0.294394,-0.015427,0.65436,-0.381515,-0.736502,-0.259122,0.494841,4.454939,1.860642,1.659079,4.700574,2.186486,12.675328,13.662221,,,4.761691,3.432784,1.622955,0.428571,0.386555,0.107988,0.313045,0.628571,0.371429,0.000819,0.597369,0.550258,10.0,true,60424.0,60690.0,150.0,probe_L01R1,15,已复用 approach-1786530413446-0009 完成入口、直线伸入和原路返回；未重新规划，未发送 OUTPUT_0/OUTPUT_1 或任何末端 IO,/home/catas/elfin_citrus_data/approach_results/approach_20260812-102758-617158_approach-1786530413446-0009_executed.json,/home/catas/elfin_citrus_data/nbv_batches/semantic_nbv_batch_20260812-102629_g0015.zip
L01R1O3-20260812-102817,2026-08-12T10:28:48.695,superseded,2026-08-12T10:42:42.288,操作者要求覆盖共享地图区块并从 0/3 重采,1,1,3,true,M3,straight_line,,true,1,contaminated_hit,,executed,false,false,true,approach-1786530421882-0010,-1.0,reconstructed_citrus_1,-0.49976,0.27812,0.509,0.03662,0.943692,-0.283266,0.170898,-0.943692,0.283266,-0.170898,-0.13491,0.168604,0.575073,-0.160717,-0.748077,-0.051445,0.641798,2.596155,1.760713,1.757806,2.600274,1.09965,8.715037,9.645802,,,2.849212,1.726451,1.046502,0.0,0.0,0.015969,,0.8,0.2,-0.008441,0.465078,0.628086,10.0,true,60424.0,60690.0,150.0,probe_L01R1,15,已复用 approach-1786530421882-0010 完成入口、直线伸入和原路返回；未重新规划，未发送 OUTPUT_0/OUTPUT_1 或任何末端 IO,/home/catas/elfin_citrus_data/approach_results/approach_20260812-102844-114038_approach-1786530421882-0010_executed.json,/home/catas/elfin_citrus_data/nbv_batches/semantic_nbv_batch_20260812-102629_g0015.zip
L02R1O1-20260812-102903,2026-08-12T10:31:07.047,superseded,2026-08-12T10:42:38.698,操作者要求覆盖共享地图区块并从 0/3 重采,2,1,1,true,M2,task_conditioned,0.6,true,0,miss,,executed,false,false,true,approach-1786530616063-0011,-1.0,reconstructed_citrus_1,-0.500235,0.279886,0.503054,0.034178,0.236824,-0.889136,0.391602,-0.236824,0.889136,-0.391602,-0.409252,-0.061701,0.653499,-0.474423,-0.686093,-0.357628,0.419883,2.360438,1.434235,1.260415,2.600062,0.948749,7.655245,9.077366,,,2.190979,1.489536,0.714756,0.571429,0.521008,0.1068,0.284841,0.657143,0.342857,0.006358,0.716735,0.488344,10.0,true,61740.0,61978.0,149.0,probe_L02R1,16,已复用 approach-1786530616063-0011 完成入口、直线伸入和原路返回；未重新规划，未发送 OUTPUT_0/OUTPUT_1 或任何末端 IO,/home/catas/elfin_citrus_data/approach_results/approach_20260812-103056-715629_approach-1786530616063-0011_executed.json,/home/catas/elfin_citrus_data/nbv_batches/semantic_nbv_batch_20260812-102959_g0016.zip
L02R1O2-20260812-103108,2026-08-12T10:31:25.033,superseded,2026-08-12T10:42:38.698,操作者要求覆盖共享地图区块并从 0/3 重采,2,1,2,true,M1,geometric_centre,0.0,true,1,contaminated_hit,,executed,false,false,true,approach-1786530623820-0012,-1.0,reconstructed_citrus_1,-0.500235,0.279886,0.503054,0.034178,0.236824,-0.889136,0.391602,-0.236824,0.889136,-0.391602,-0.409252,-0.061701,0.653499,-0.474422,-0.686093,-0.357628,0.419883,2.358662,1.20099,1.400156,2.353514,0.948804,7.313396,8.546474,,,2.190926,1.489622,0.714713,0.571429,0.521008,0.1068,0.284841,0.657143,0.342857,0.006358,0.716735,0.488344,10.0,true,61740.0,61978.0,149.0,probe_L02R1,16,已复用 approach-1786530623820-0012 完成入口、直线伸入和原路返回；未重新规划，未发送 OUTPUT_0/OUTPUT_1 或任何末端 IO,/home/catas/elfin_citrus_data/approach_results/approach_20260812-103118-813737_approach-1786530623820-0012_executed.json,/home/catas/elfin_citrus_data/nbv_batches/semantic_nbv_batch_20260812-102959_g0016.zip
L02R1O3-20260812-103126,2026-08-12T10:32:24.906,superseded,2026-08-12T10:42:38.698,操作者要求覆盖共享地图区块并从 0/3 重采,2,1,3,true,M3,straight_line,,true,0,miss,,executed,false,false,true,approach-1786530631684-0013,-1.0,reconstructed_citrus_1,-0.500235,0.279886,0.503054,0.034178,0.943692,-0.283266,0.170898,-0.943692,0.283266,-0.170898,-0.137689,0.171061,0.568709,-0.160689,-0.748083,-0.051469,0.641796,2.614044,1.839956,2.160345,2.6213,1.096428,9.235789,10.552574,,,2.845212,1.721392,1.050599,0.0,0.0,0.010677,,0.828571,0.171429,-0.009101,0.469725,0.625174,10.0,true,61740.0,61978.0,149.0,probe_L02R1,16,已复用 approach-1786530631684-0013 完成入口、直线伸入和原路返回；未重新规划，未发送 OUTPUT_0/OUTPUT_1 或任何末端 IO,/home/catas/elfin_citrus_data/approach_results/approach_20260812-103138-563918_approach-1786530631684-0013_executed.json,/home/catas/elfin_citrus_data/nbv_batches/semantic_nbv_batch_20260812-102959_g0016.zip
L01R1O1-20260812-105850,2026-08-12T11:00:35.810,superseded,2026-08-12T11:41:50.026,操作者要求覆盖共享地图区块并从 0/3 重采,1,1,1,true,M1,geometric_centre,0.0,true,2,clean_hit,,executed,false,false,true,approach-1786532400323-0001,-1.0,reconstructed_citrus_1,-0.490962,0.162316,0.771135,0.02754,0.4411,-0.838722,-0.319336,-0.4411,0.838722,0.319336,-0.32443,-0.154335,0.650573,-0.335776,-0.47706,-0.370241,0.722903,4.505848,1.548272,1.560424,4.58192,1.998425,12.196592,13.551062,1,false,4.872956,3.137527,1.776553,1.0,0.991597,0.181509,0.326903,0.771429,0.228571,0.019062,0.578319,0.56084,10.0,true,61187.0,61461.0,266.0,probe_L01R1,18,已复用 approach-1786532400323-0001 完成入口、直线伸入和原路返回；未重新规划，未发送 OUTPUT_0/OUTPUT_1 或任何末端 IO,/home/catas/elfin_citrus_data/approach_results/approach_20260812-110033-107304_approach-1786532400323-0001_executed.json,/home/catas/elfin_citrus_data/nbv_batches/semantic_nbv_batch_20260812-105943_g0018.zip
L01R1O2-20260812-110037,2026-08-12T11:00:56.779,superseded,2026-08-12T11:41:50.026,操作者要求覆盖共享地图区块并从 0/3 重采,1,1,2,true,M2,task_conditioned,0.6,true,2,clean_hit,,executed,false,false,true,approach-1786532407935-0002,-1.0,reconstructed_citrus_1,-0.490962,0.162316,0.771135,0.02754,0.764607,-0.58588,-0.268555,-0.764607,0.58588,0.268555,-0.202293,-0.058877,0.669745,-0.218039,-0.564076,-0.223895,0.764296,3.859504,1.899732,1.737479,3.918743,1.838653,11.415609,12.931779,1,false,4.645222,2.886684,1.560545,0.857143,0.630252,0.112758,0.326903,0.8,0.2,0.006058,0.425395,0.653512,10.0,true,61187.0,61461.0,266.0,probe_L01R1,18,已复用 approach-1786532407935-0002 完成入口、直线伸入和原路返回；未重新规划，未发送 OUTPUT_0/OUTPUT_1 或任何末端 IO,/home/catas/elfin_citrus_data/approach_results/approach_20260812-110053-027743_approach-1786532407935-0002_executed.json,/home/catas/elfin_citrus_data/nbv_batches/semantic_nbv_batch_20260812-105943_g0018.zip
L01R1O3-20260812-110058,2026-08-12T11:01:14.354,superseded,2026-08-12T11:41:50.026,操作者要求覆盖共享地图区块并从 0/3 重采,1,1,3,true,M3,straight_line,,true,1,contaminated_hit,,executed,false,false,true,approach-1786532415279-0003,-1.0,reconstructed_citrus_1,-0.490962,0.162316,0.771135,0.02754,0.994839,-0.055463,-0.084961,-0.994839,0.055463,0.084961,-0.115371,0.141376,0.739059,-0.041058,-0.675155,0.003716,0.736523,1.854627,2.300885,2.155652,2.100267,0.67572,8.411514,9.598465,1,false,1.51218,1.06088,0.519454,0.0,0.008403,0.008363,,0.771429,0.228571,-0.005663,0.303238,0.738423,10.0,true,61187.0,61461.0,266.0,probe_L01R1,18,已复用 approach-1786532415279-0003 完成入口、直线伸入和原路返回；未重新规划，未发送 OUTPUT_0/OUTPUT_1 或任何末端 IO,/home/catas/elfin_citrus_data/approach_results/approach_20260812-110110-314084_approach-1786532415279-0003_executed.json,/home/catas/elfin_citrus_data/nbv_batches/semantic_nbv_batch_20260812-105943_g0018.zip
L01R1O1-20260812-114151,2026-08-12T11:43:16.193,active,,,1,1,1,true,M1,geometric_centre,0.0,true,2,clean_hit,,executed,false,false,true,approach-1786534965719-0001,-1.0,reconstructed_citrus_1,-0.524703,0.071243,0.776946,0.025712,0.248357,-0.905253,-0.344727,-0.248357,0.905253,0.344727,-0.431392,-0.268871,0.647428,-0.389445,-0.419487,-0.431913,0.697004,3.462019,1.700978,1.418664,3.23939,1.490514,9.82117,10.954192,1,false,2.777097,2.340106,0.797338,0.857143,0.848739,0.250375,0.381645,0.638889,0.361111,0.008297,0.668751,0.512348,10.0,true,34786.0,35826.0,222.0,probe_L01R1,25,已复用 approach-1786534965719-0001 完成入口、直线伸入和原路返回；未重新规划，未发送 OUTPUT_0/OUTPUT_1 或任何末端 IO,/home/catas/elfin_citrus_data/approach_results/approach_20260812-114312-441994_approach-1786534965719-0001_executed.json,/home/catas/elfin_citrus_data/nbv_batches/semantic_nbv_batch_20260812-114231_g0025.zip
L01R1O2-20260812-114317,2026-08-12T11:43:32.119,active,,,1,1,2,true,M2,task_conditioned,0.6,true,2,clean_hit,,executed,false,false,true,approach-1786534972785-0002,-1.0,reconstructed_citrus_1,-0.524703,0.071243,0.776946,0.025712,0.698041,-0.632882,-0.334961,-0.698041,0.632882,0.334961,-0.26244,-0.166538,0.651097,-0.235667,-0.52629,-0.25348,0.776678,3.157599,1.679373,1.656458,3.199919,1.337873,9.693485,10.517763,1,false,2.816685,2.10046,0.817796,0.285714,0.277311,0.165631,0.381645,0.416667,0.583333,-0.004008,0.471503,0.624063,10.0,true,34786.0,35826.0,222.0,probe_L01R1,25,已复用 approach-1786534972785-0002 完成入口、直线伸入和原路返回；未重新规划，未发送 OUTPUT_0/OUTPUT_1 或任何末端 IO,/home/catas/elfin_citrus_data/approach_results/approach_20260812-114329-813694_approach-1786534972785-0002_executed.json,/home/catas/elfin_citrus_data/nbv_batches/semantic_nbv_batch_20260812-114231_g0025.zip
L01R1O3-20260812-114338,2026-08-12T11:43:51.233,active,,,1,1,3,true,M3,straight_line,,true,1,contaminated_hit,,executed,false,false,true,approach-1786534979719-0003,-1.0,reconstructed_citrus_1,-0.524703,0.071243,0.776946,0.025712,0.98131,-0.00452,-0.192383,-0.98131,0.00452,0.192383,-0.156013,0.069545,0.704665,-0.013512,-0.635316,0.012862,0.772027,2.729108,2.127837,2.397245,2.612464,1.018955,9.866771,10.733893,1,false,2.22386,1.59976,0.694453,0.0,0.0,0.089405,,0.194444,0.805556,-0.006204,0.306668,0.735895,10.0,true,34786.0,35826.0,222.0,probe_L01R1,25,已复用 approach-1786534979719-0003 完成入口、直线伸入和原路返回；未重新规划，未发送 OUTPUT_0/OUTPUT_1 或任何末端 IO,/home/catas/elfin_citrus_data/approach_results/approach_20260812-114350-110657_approach-1786534979719-0003_executed.json,/home/catas/elfin_citrus_data/nbv_batches/semantic_nbv_batch_20260812-114231_g0025.zip
L01R2O1-20260812-114352,2026-08-12T11:45:22.508,active,,,1,2,1,true,M1,geometric_centre,0.0,true,2,clean_hit,,executed,false,false,true,approach-1786535087615-0004,-1.0,reconstructed_citrus_1,-0.523099,0.071427,0.777298,0.026146,0.32973,-0.902118,-0.27832,-0.32973,0.902118,0.27832,-0.399073,-0.2679,0.672609,-0.379513,-0.465628,-0.40865,0.687143,3.858419,1.399639,1.357164,3.911763,1.891447,10.527076,11.3602,1,false,5.013872,2.969572,1.729739,0.571429,0.613445,0.220369,0.35749,0.457143,0.542857,0.00476,0.639333,0.527644,10.0,true,34376.0,35271.0,262.0,probe_L01R2,26,已复用 approach-1786535087615-0004 完成入口、直线伸入和原路返回；未重新规划，未发送 OUTPUT_0/OUTPUT_1 或任何末端 IO,/home/catas/elfin_citrus_data/approach_results/approach_20260812-114520-176243_approach-1786535087615-0004_executed.json,/home/catas/elfin_citrus_data/nbv_batches/semantic_nbv_batch_20260812-114433_g0026.zip
L01R2O2-20260812-114523,2026-08-12T11:45:37.690,active,,,1,2,2,true,M3,straight_line,,true,1,contaminated_hit,,executed,false,false,true,approach-1786535095265-0005,-1.0,reconstructed_citrus_1,-0.523099,0.071427,0.777298,0.026146,0.98131,-0.00452,-0.192383,-0.98131,0.00452,0.192383,-0.153984,0.069727,0.704934,-0.013482,-0.635316,0.012826,0.772028,2.558812,2.202273,2.555969,2.799301,1.000238,10.116431,11.153416,1,false,2.190634,1.570374,0.689516,0.0,0.0,0.101341,,0.457143,0.542857,-0.005215,0.304576,0.737436,10.0,true,34376.0,35271.0,262.0,probe_L01R2,26,已复用 approach-1786535095265-0005 完成入口、直线伸入和原路返回；未重新规划，未发送 OUTPUT_0/OUTPUT_1 或任何末端 IO,/home/catas/elfin_citrus_data/approach_results/approach_20260812-114536-313593_approach-1786535095265-0005_executed.json,/home/catas/elfin_citrus_data/nbv_batches/semantic_nbv_batch_20260812-114433_g0026.zip
L01R2O3-20260812-114539,2026-08-12T11:45:59.413,active,,,1,2,3,true,M2,task_conditioned,0.6,true,2,clean_hit,,executed,false,false,true,approach-1786535103142-0006,-1.0,reconstructed_citrus_1,-0.523099,0.071427,0.777298,0.026146,0.616175,-0.730701,-0.293945,-0.616175,0.730701,0.293945,-0.291327,-0.203423,0.666731,-0.280323,-0.523876,-0.297525,0.747296,3.05943,1.400687,1.754454,3.200337,1.355003,9.415017,10.313216,1,false,2.706235,2.127354,0.714758,0.142857,0.268908,0.166779,0.35749,0.514286,0.485714,-0.002173,0.513963,0.59812,10.0,true,34376.0,35271.0,262.0,probe_L01R2,26,已复用 approach-1786535103142-0006 完成入口、直线伸入和原路返回；未重新规划，未发送 OUTPUT_0/OUTPUT_1 或任何末端 IO,/home/catas/elfin_citrus_data/approach_results/approach_20260812-114556-513955_approach-1786535103142-0006_executed.json,/home/catas/elfin_citrus_data/nbv_batches/semantic_nbv_batch_20260812-114433_g0026.zip
L02R1O1-20260812-114614,2026-08-12T11:47:50.507,superseded,2026-08-12T12:12:24.563,操作者要求覆盖共享地图区块并从 0/3 重采,2,1,1,true,M2,task_conditioned,0.6,true,2,clean_hit,,executed,false,false,true,approach-1786535229777-0007,-1.0,reconstructed_citrus_1,-0.263457,0.354794,0.775396,0.026308,0.751719,-0.639495,-0.161133,-0.751719,0.639495,0.161133,0.019421,0.114146,0.71476,-0.244991,-0.59951,-0.237486,0.723994,1.577924,2.480051,2.8585,1.500694,0.404138,8.417283,9.280523,1,false,0.878393,0.580614,0.314289,1.0,0.941176,0.473487,0.535722,0.285714,0.714286,0.015703,0.144424,0.86552,10.0,true,37732.0,38583.0,359.0,probe_L02R1,27,已复用 approach-1786535229777-0007 完成入口、直线伸入和原路返回；未重新规划，未发送 OUTPUT_0/OUTPUT_1 或任何末端 IO,/home/catas/elfin_citrus_data/approach_results/approach_20260812-114749-713271_approach-1786535229777-0007_executed.json,/home/catas/elfin_citrus_data/nbv_batches/semantic_nbv_batch_20260812-114655_g0027.zip
L02R1O2-20260812-114751,2026-08-12T11:48:03.921,superseded,2026-08-12T12:12:24.563,操作者要求覆盖共享地图区块并从 0/3 重采,2,1,2,true,M1,geometric_centre,0.0,true,2,clean_hit,,executed,false,false,true,approach-1786535237759-0008,-1.0,reconstructed_citrus_1,-0.263457,0.354794,0.775396,0.026308,0.979032,-0.136322,-0.151367,-0.979032,0.136322,0.151367,0.104961,0.303495,0.718435,-0.061378,-0.648498,-0.033364,0.758004,1.897802,1.561129,1.753702,1.500822,0.524461,6.713584,7.446237,1,false,1.028049,0.823404,0.292282,1.0,1.0,0.497521,0.535722,0.314286,0.685714,0.028543,0.250084,0.778736,10.0,true,37732.0,38583.0,359.0,probe_L02R1,27,已复用 approach-1786535237759-0008 完成入口、直线伸入和原路返回；未重新规划，未发送 OUTPUT_0/OUTPUT_1 或任何末端 IO,/home/catas/elfin_citrus_data/approach_results/approach_20260812-114800-814883_approach-1786535237759-0008_executed.json,/home/catas/elfin_citrus_data/nbv_batches/semantic_nbv_batch_20260812-114655_g0027.zip
L02R1O3-20260812-114805,2026-08-12T11:48:19.064,superseded,2026-08-12T12:12:24.563,操作者要求覆盖共享地图区块并从 0/3 重采,2,1,3,true,M3,straight_line,,true,2,clean_hit,,executed,false,false,true,approach-1786535246202-0009,-1.0,reconstructed_citrus_1,-0.263457,0.354794,0.775396,0.026308,0.823906,-0.529448,-0.202148,-0.823906,0.529448,0.202148,0.046586,0.155558,0.699325,-0.198974,-0.599446,-0.192316,0.751058,1.45629,1.79984,2.056549,1.700028,0.467968,7.012796,7.959101,1,false,0.976874,0.707811,0.341777,1.0,0.983193,0.454908,,0.114286,0.885714,0.020304,0.141518,0.86804,10.0,true,37732.0,38583.0,359.0,probe_L02R1,27,已复用 approach-1786535246202-0009 完成入口、直线伸入和原路返回；未重新规划，未发送 OUTPUT_0/OUTPUT_1 或任何末端 IO,/home/catas/elfin_citrus_data/approach_results/approach_20260812-114815-232507_approach-1786535246202-0009_executed.json,/home/catas/elfin_citrus_data/nbv_batches/semantic_nbv_batch_20260812-114655_g0027.zip
L02R2O1-20260812-115001,2026-08-12T11:51:42.240,superseded,2026-08-12T12:14:52.781,操作者要求覆盖共享地图区块并从 0/3 重采,2,2,1,true,M3,straight_line,,true,2,clean_hit,,executed,false,false,true,approach-1786535459719-0011,-1.0,reconstructed_citrus_1,-0.47821,0.142773,0.658517,0.027283,0.994054,-0.106549,0.022461,-0.994054,0.106549,-0.022461,-0.103171,0.102574,0.666991,-0.064292,-0.712107,-0.011702,0.699023,1.755215,2.399935,2.558111,1.999725,0.647756,8.713072,9.904109,1,false,1.470655,1.016977,0.503781,0.0,0.0,0.130574,,0.114286,0.885714,-0.004947,0.256944,0.773412,10.0,true,35839.0,36891.0,352.0,probe_L02R2,29,已复用 approach-1786535459719-0011 完成入口、直线伸入和原路返回；未重新规划，未发送 OUTPUT_0/OUTPUT_1 或任何末端 IO,/home/catas/elfin_citrus_data/approach_results/approach_20260812-115137-722988_approach-1786535459719-0011_executed.json,/home/catas/elfin_citrus_data/nbv_batches/semantic_nbv_batch_20260812-115044_g0029.zip
L02R2O2-20260812-115143,2026-08-12T11:52:11.452,superseded,2026-08-12T12:14:52.781,操作者要求覆盖共享地图区块并从 0/3 重采,2,2,2,true,M1,geometric_centre,0.0,true,2,clean_hit,,executed,false,false,true,approach-1786535473800-0012,-1.0,reconstructed_citrus_1,-0.47821,0.142773,0.658517,0.027283,0.091617,-0.961579,0.258789,-0.091617,0.961579,-0.258789,-0.443645,-0.220015,0.756154,-0.487386,-0.625979,-0.442708,0.41787,5.0597,1.700312,1.659848,4.799354,2.304554,13.219305,14.261377,1,false,5.616941,3.61815,2.103436,0.571429,0.495798,0.229806,0.352686,0.314286,0.685714,0.002416,0.659859,0.516924,10.0,true,35839.0,36891.0,352.0,probe_L02R2,29,已复用 approach-1786535473800-0012 完成入口、直线伸入和原路返回；未重新规划，未发送 OUTPUT_0/OUTPUT_1 或任何末端 IO,/home/catas/elfin_citrus_data/approach_results/approach_20260812-115159-113879_approach-1786535473800-0012_executed.json,/home/catas/elfin_citrus_data/nbv_batches/semantic_nbv_batch_20260812-115044_g0029.zip
L02R2O3-20260812-115218,2026-08-12T11:52:36.591,superseded,2026-08-12T12:14:52.781,操作者要求覆盖共享地图区块并从 0/3 重采,2,2,3,true,M2,task_conditioned,0.6,true,2,clean_hit,,executed,false,false,true,approach-1786535482351-0013,-1.0,reconstructed_citrus_1,-0.47821,0.142773,0.658517,0.027283,0.359567,-0.864755,0.350586,-0.359567,0.864755,-0.350586,-0.342552,-0.183485,0.790787,-0.411406,-0.711364,-0.345944,0.452802,4.939074,2.020749,1.459095,4.756903,2.301355,13.175898,14.278654,1,false,5.20636,3.613128,1.905836,0.285714,0.261905,0.165342,0.352686,0.257143,0.742857,-0.007446,0.559247,0.571639,10.0,true,35839.0,36891.0,352.0,probe_L02R2,29,已复用 approach-1786535482351-0013 完成入口、直线伸入和原路返回；未重新规划，未发送 OUTPUT_0/OUTPUT_1 或任何末端 IO,/home/catas/elfin_citrus_data/approach_results/approach_20260812-115234-102190_approach-1786535482351-0013_executed.json,/home/catas/elfin_citrus_data/nbv_batches/semantic_nbv_batch_20260812-115044_g0029.zip
L03R1O1-20260812-115436,2026-08-12T11:56:43.072,active,,,3,1,1,true,M3,straight_line,,true,0,miss,,executed,false,false,true,approach-1786535735621-0014,-1.0,reconstructed_citrus_1,-0.396237,0.238793,0.502245,0.031464,0.904638,-0.322751,0.27832,-0.904638,0.322751,-0.27832,-0.05115,0.115675,0.608414,-0.161975,-0.782895,-0.08304,0.594932,1.655515,2.499847,2.396362,1.360142,0.423933,7.911963,8.804305,1,false,1.0138,0.618475,0.349283,0.142857,0.159664,0.099431,,0.628571,0.371429,-0.004951,0.221722,0.801138,10.0,true,39964.0,40857.0,241.0,probe_L03R1,30,已复用 approach-1786535735621-0014 完成入口、直线伸入和原路返回；未重新规划，未发送 OUTPUT_0/OUTPUT_1 或任何末端 IO,/home/catas/elfin_citrus_data/approach_results/approach_20260812-115639-814466_approach-1786535735621-0014_executed.json,/home/catas/elfin_citrus_data/nbv_batches/semantic_nbv_batch_20260812-115520_g0030.zip
L03R1O2-20260812-115645,2026-08-12T11:57:05.186,active,,,3,1,2,true,M1,geometric_centre,0.0,true,0,miss,,executed,false,false,true,approach-1786535744886-0016,-1.0,reconstructed_citrus_1,-0.396237,0.238793,0.502245,0.031464,-0.006325,-0.8807,0.473633,0.006325,0.8807,-0.473633,-0.398649,-0.097163,0.682919,-0.499956,-0.697754,-0.41915,0.295798,2.599361,1.359395,1.457219,2.599636,1.020813,8.015752,8.86178,1,false,2.327466,1.602676,0.883091,0.428571,0.412698,0.255034,0.375461,0.457143,0.542857,0.003811,0.570222,0.5654,10.0,true,39964.0,40857.0,241.0,probe_L03R1,30,已复用 approach-1786535744886-0016 完成入口、直线伸入和原路返回；未重新规划，未发送 OUTPUT_0/OUTPUT_1 或任何末端 IO,/home/catas/elfin_citrus_data/approach_results/approach_20260812-115656-241723_approach-1786535744886-0016_executed.json,/home/catas/elfin_citrus_data/nbv_batches/semantic_nbv_batch_20260812-115520_g0030.zip
L03R1O3-20260812-115706,2026-08-12T11:57:19.697,active,,,3,1,3,true,M2,task_conditioned,0.6,true,2,clean_hit,,executed,false,false,true,approach-1786535754662-0017,-1.0,reconstructed_citrus_1,-0.396237,0.238793,0.502245,0.031464,0.531184,-0.759266,0.375977,-0.531184,0.759266,-0.375977,-0.193609,-0.05084,0.645666,-0.352548,-0.750798,-0.278193,0.484376,2.354835,1.899507,2.042798,2.113792,0.722977,8.411028,9.307288,1,false,2.051016,1.119373,0.76823,0.285714,0.252101,0.197506,0.375461,0.314286,0.685714,-0.008798,0.36261,0.695857,10.0,true,39964.0,40857.0,241.0,probe_L03R1,30,已复用 approach-1786535754662-0017 完成入口、直线伸入和原路返回；未重新规划，未发送 OUTPUT_0/OUTPUT_1 或任何末端 IO,/home/catas/elfin_citrus_data/approach_results/approach_20260812-115718-214410_approach-1786535754662-0017_executed.json,/home/catas/elfin_citrus_data/nbv_batches/semantic_nbv_batch_20260812-115520_g0030.zip
L03R2O1-20260812-115843,2026-08-12T12:00:22.404,active,,,3,2,1,true,M2,task_conditioned,0.6,true,0,miss,,executed,false,false,true,approach-1786535982522-0018,-1.0,reconstructed_citrus_1,-0.400775,0.235141,0.493423,0.03189,0.113803,-0.894366,0.432617,-0.113803,0.894366,-0.432617,-0.357314,-0.106409,0.658635,-0.474248,-0.700998,-0.399952,0.351752,3.754762,1.599255,1.436936,3.420306,1.604947,10.211347,11.187578,1,false,3.033554,2.519767,0.888368,0.571429,0.293651,0.203123,0.365615,0.342857,0.657143,0.003399,0.533889,0.58632,10.0,true,40132.0,40973.0,213.0,probe_L03R2,32,已复用 approach-1786535982522-0018 完成入口、直线伸入和原路返回；未重新规划，未发送 OUTPUT_0/OUTPUT_1 或任何末端 IO,/home/catas/elfin_citrus_data/approach_results/approach_20260812-120020-213904_approach-1786535982522-0018_executed.json,/home/catas/elfin_citrus_data/nbv_batches/semantic_nbv_batch_20260812-115926_g0032.zip
L03R2O2-20260812-120024,2026-08-12T12:00:37.621,active,,,3,2,2,true,M3,straight_line,,true,0,miss,,executed,false,false,true,approach-1786535992402-0019,-1.0,reconstructed_citrus_1,-0.400775,0.235141,0.493423,0.03189,0.904638,-0.322751,0.27832,-0.904638,0.322751,-0.27832,-0.055302,0.111885,0.59971,-0.161921,-0.782906,-0.083081,0.594926,1.459018,2.501003,2.654206,1.416073,0.420757,8.030392,8.874858,1,false,1.025363,0.612295,0.355696,0.285714,0.084034,0.073246,,0.6,0.4,-0.006278,0.227543,0.796488,10.0,true,40132.0,40973.0,213.0,probe_L03R2,32,已复用 approach-1786535992402-0019 完成入口、直线伸入和原路返回；未重新规划，未发送 OUTPUT_0/OUTPUT_1 或任何末端 IO,/home/catas/elfin_citrus_data/approach_results/approach_20260812-120034-156679_approach-1786535992402-0019_executed.json,/home/catas/elfin_citrus_data/nbv_batches/semantic_nbv_batch_20260812-115926_g0032.zip
L03R2O3-20260812-120039,2026-08-12T12:00:56.306,active,,,3,2,3,true,M1,geometric_centre,0.0,true,1,contaminated_hit,,executed,false,false,true,approach-1786536001302-0021,-1.0,reconstructed_citrus_1,-0.400775,0.235141,0.493423,0.03189,0.703225,-0.380488,0.600586,-0.703225,0.380488,-0.600586,-0.13222,0.089836,0.722781,-0.226246,-0.865509,-0.106345,0.434048,1.982248,1.678042,1.658383,1.700258,0.602099,7.018994,8.128908,1,false,1.449166,0.945295,0.493098,0.428571,0.253968,0.20841,0.360154,0.171429,0.828571,8.3e-05,0.285828,0.751392,10.0,true,40132.0,40973.0,213.0,probe_L03R2,32,已复用 approach-1786536001302-0021 完成入口、直线伸入和原路返回；未重新规划，未发送 OUTPUT_0/OUTPUT_1 或任何末端 IO,/home/catas/elfin_citrus_data/approach_results/approach_20260812-120051-215544_approach-1786536001302-0021_executed.json,/home/catas/elfin_citrus_data/nbv_batches/semantic_nbv_batch_20260812-115926_g0032.zip
L04R1O1-20260812-120142,2026-08-12T12:03:19.855,superseded,2026-08-12T12:21:03.993,操作者要求覆盖共享地图区块并从 0/3 重采,4,1,1,true,M2,task_conditioned,0.6,true,2,clean_hit,,executed,false,false,true,approach-1786536160684-0022,-1.0,reconstructed_citrus_1,-0.476421,0.112289,0.619132,0.033136,0.417064,-0.807574,0.416992,-0.417064,0.807574,-0.416992,-0.316629,-0.197121,0.778896,-0.56854,-0.620692,-0.186406,0.506712,3.36226,1.799843,1.658179,3.099897,1.424949,9.920294,10.852518,1,false,3.035363,2.23717,1.044091,0.285714,0.268908,0.149628,0.346525,0.4,0.6,-0.00241,0.540387,0.582523,10.0,true,39261.0,39990.0,228.0,probe_L04R1,33,已复用 approach-1786536160684-0022 完成入口、直线伸入和原路返回；未重新规划，未发送 OUTPUT_0/OUTPUT_1 或任何末端 IO,/home/catas/elfin_citrus_data/approach_results/approach_20260812-120318-636977_approach-1786536160684-0022_executed.json,/home/catas/elfin_citrus_data/nbv_batches/semantic_nbv_batch_20260812-120225_g0033.zip
L04R1O2-20260812-120321,2026-08-12T12:03:32.912,superseded,2026-08-12T12:21:03.993,操作者要求覆盖共享地图区块并从 0/3 重采,4,1,2,true,M3,straight_line,,true,1,contaminated_hit,,executed,false,false,true,approach-1786536169369-0023,-1.0,reconstructed_citrus_1,-0.476421,0.112289,0.619132,0.033136,0.995754,-0.024022,0.088867,-0.995754,0.024022,-0.088867,-0.094912,0.103086,0.65318,-0.041946,-0.736664,0.022107,0.674594,1.75682,2.599481,2.633365,1.965334,0.646262,8.955086,9.892898,1,false,1.382365,1.014632,0.465636,0.0,0.0,0.115496,,0.257143,0.742857,-0.00573,0.249979,0.778817,10.0,true,39261.0,39990.0,228.0,probe_L04R1,33,已复用 approach-1786536169369-0023 完成入口、直线伸入和原路返回；未重新规划，未发送 OUTPUT_0/OUTPUT_1 或任何末端 IO,/home/catas/elfin_citrus_data/approach_results/approach_20260812-120332-095349_approach-1786536169369-0023_executed.json,/home/catas/elfin_citrus_data/nbv_batches/semantic_nbv_batch_20260812-120225_g0033.zip
L04R1O3-20260812-120334,2026-08-12T12:03:50.160,superseded,2026-08-12T12:21:03.993,操作者要求覆盖共享地图区块并从 0/3 重采,4,1,3,true,M1,geometric_centre,0.0,true,2,clean_hit,,executed,false,false,true,approach-1786536178406-0024,-1.0,reconstructed_citrus_1,-0.476421,0.112289,0.619132,0.033136,0.167112,-0.930764,0.325195,-0.167112,0.930764,-0.325195,-0.412394,-0.24432,0.743726,-0.466513,-0.667055,-0.409684,0.411778,3.332342,2.175185,1.856666,3.001272,1.298082,10.365532,11.972729,2,true,3.052833,2.037988,1.148257,0.428571,0.478992,0.216041,0.346525,0.4,0.6,-0.002332,0.641475,0.526515,10.0,true,39261.0,39990.0,228.0,probe_L04R1,33,已复用 approach-1786536178406-0024 完成入口、直线伸入和原路返回；未重新规划，未发送 OUTPUT_0/OUTPUT_1 或任何末端 IO,/home/catas/elfin_citrus_data/approach_results/approach_20260812-120347-614601_approach-1786536178406-0024_executed.json,/home/catas/elfin_citrus_data/nbv_batches/semantic_nbv_batch_20260812-120225_g0033.zip
L05R1O1-20260812-120549,2026-08-12T12:07:21.412,superseded,2026-08-12T12:27:27.236,操作者要求覆盖共享地图区块并从 0/3 重采,5,1,1,false,M2,task_conditioned,0.6,true,2,clean_hit,,executed,false,false,true,approach-1786536405217-0025,-1.0,reconstructed_citrus_1,-0.279731,0.380199,0.675062,0.045553,0.629565,-0.776844,-0.012695,-0.629565,0.776844,0.012695,-0.030704,0.072916,0.670041,-0.314567,-0.628251,-0.293742,0.648123,1.556796,4.099389,4.053763,1.500285,0.43011,11.210338,11.989754,1,false,0.96069,0.628172,0.319542,0.285714,0.369748,0.290108,0.402512,0.294118,0.705882,-0.000586,0.181012,0.834425,10.0,true,37023.0,37917.0,772.0,probe_L05R1,34,已复用 approach-1786536405217-0025 完成入口、直线伸入和原路返回；未重新规划，未发送 OUTPUT_0/OUTPUT_1 或任何末端 IO,/home/catas/elfin_citrus_data/approach_results/approach_20260812-120718-546962_approach-1786536405217-0025_executed.json,/home/catas/elfin_citrus_data/nbv_batches/semantic_nbv_batch_20260812-120631_g0034.zip
L02R1O1-20260812-121225,2026-08-12T12:14:03.916,active,,,2,1,1,true,M2,task_conditioned,0.6,true,2,clean_hit,,executed,false,false,true,approach-1786536802063-0001,-1.0,reconstructed_citrus_1,-0.279401,0.381668,0.673448,0.045476,0.629565,-0.776844,-0.012695,-0.629565,0.776844,0.012695,-0.030423,0.074444,0.668427,-0.314514,-0.628278,-0.293797,0.648098,1.468194,4.232204,4.057972,1.599008,0.419194,11.357472,12.12281,1,false,0.951835,0.611035,0.315667,0.285714,0.436975,0.311645,0.415974,0.352941,0.647059,0.007245,0.180906,0.834513,10.0,true,36235.0,37071.0,719.0,probe_L02R1,35,已复用 approach-1786536802063-0001 完成入口、直线伸入和原路返回；未重新规划，未发送 OUTPUT_0/OUTPUT_1 或任何末端 IO,/home/catas/elfin_citrus_data/approach_results/approach_20260812-121356-814108_approach-1786536802063-0001_executed.json,/home/catas/elfin_citrus_data/nbv_batches/semantic_nbv_batch_20260812-121307_g0035.zip
L02R1O2-20260812-121405,2026-08-12T12:14:24.156,active,,,2,1,2,true,M1,geometric_centre,0.0,true,2,clean_hit,,executed,false,false,true,approach-1786536809660-0002,-1.0,reconstructed_citrus_1,-0.279401,0.381668,0.673448,0.045476,0.629565,-0.776844,-0.012695,-0.629565,0.776844,0.012695,-0.030423,0.074444,0.668427,-0.314514,-0.628278,-0.293797,0.648098,1.358388,4.099285,4.276855,1.379716,0.419175,11.114336,11.979914,1,false,0.951718,0.611005,0.315623,0.285714,0.436975,0.311645,0.415974,0.352941,0.647059,0.007245,0.180907,0.834513,10.0,true,36235.0,37071.0,719.0,probe_L02R1,35,已复用 approach-1786536809660-0002 完成入口、直线伸入和原路返回；未重新规划，未发送 OUTPUT_0/OUTPUT_1 或任何末端 IO,/home/catas/elfin_citrus_data/approach_results/approach_20260812-121418-720474_approach-1786536809660-0002_executed.json,/home/catas/elfin_citrus_data/nbv_batches/semantic_nbv_batch_20260812-121307_g0035.zip
L02R1O3-20260812-121425,2026-08-12T12:14:37.662,active,,,2,1,3,true,M3,straight_line,,true,2,clean_hit,,executed,false,false,true,approach-1786536816984-0003,-1.0,reconstructed_citrus_1,-0.279401,0.381668,0.673448,0.045476,0.781684,-0.623545,0.012695,-0.781684,0.623545,-0.012695,0.029737,0.13507,0.678469,-0.249501,-0.666406,-0.217739,0.668014,1.457316,2.099955,2.054782,1.499453,0.40638,7.111717,8.02173,1,false,0.796114,0.590916,0.28496,0.285714,0.268908,0.234354,,0.205882,0.794118,-0.000785,0.141353,0.868183,10.0,true,36235.0,37071.0,719.0,probe_L02R1,35,已复用 approach-1786536816984-0003 完成入口、直线伸入和原路返回；未重新规划，未发送 OUTPUT_0/OUTPUT_1 或任何末端 IO,/home/catas/elfin_citrus_data/approach_results/approach_20260812-121435-114039_approach-1786536816984-0003_executed.json,/home/catas/elfin_citrus_data/nbv_batches/semantic_nbv_batch_20260812-121307_g0035.zip
L02R2O1-20260812-121840,2026-08-12T12:20:21.242,active,,,2,2,1,true,M3,straight_line,,true,1,contaminated_hit,,executed,false,false,true,approach-1786537175600-0007,-1.0,reconstructed_citrus_1,-0.278865,0.38077,0.675286,0.045282,0.781684,-0.623545,0.012695,-0.781684,0.623545,-0.012695,0.030121,0.134294,0.680304,-0.249391,-0.666447,-0.217849,0.667978,1.356522,2.239496,2.147527,1.40933,0.402843,7.152959,8.093917,2,true,0.788011,0.585363,0.282497,0.428571,0.268908,0.23753,,0.117647,0.882353,0.000996,0.140393,0.869017,10.0,true,36395.0,37278.0,756.0,probe_L02R2,39,已复用 approach-1786537175600-0007 完成入口、直线伸入和原路返回；未重新规划，未发送 OUTPUT_0/OUTPUT_1 或任何末端 IO,/home/catas/elfin_citrus_data/approach_results/approach_20260812-122015-014261_approach-1786537175600-0007_executed.json,/home/catas/elfin_citrus_data/nbv_batches/semantic_nbv_batch_20260812-121921_g0039.zip
L02R2O2-20260812-122023,2026-08-12T12:20:37.523,active,,,2,2,2,true,M1,geometric_centre,0.0,true,2,clean_hit,,executed,false,false,true,approach-1786537183881-0008,-1.0,reconstructed_citrus_1,-0.278865,0.38077,0.675286,0.045282,0.629565,-0.776844,-0.012695,-0.629565,0.776844,0.012695,-0.030009,0.073697,0.670267,-0.314395,-0.628338,-0.29392,0.648042,1.356613,4.000511,4.156205,1.403308,0.422025,10.91672,12.097877,1,false,0.950726,0.61548,0.315579,0.428571,0.462185,0.336054,0.429608,0.264706,0.735294,0.005446,0.180077,0.835206,10.0,true,36395.0,37278.0,756.0,probe_L02R2,39,已复用 approach-1786537183881-0008 完成入口、直线伸入和原路返回；未重新规划，未发送 OUTPUT_0/OUTPUT_1 或任何末端 IO,/home/catas/elfin_citrus_data/approach_results/approach_20260812-122036-651606_approach-1786537183881-0008_executed.json,/home/catas/elfin_citrus_data/nbv_batches/semantic_nbv_batch_20260812-121921_g0039.zip
L02R2O3-20260812-122038,2026-08-12T12:20:54.159,active,,,2,2,3,true,M2,task_conditioned,0.6,true,2,clean_hit,,executed,false,false,true,approach-1786537192243-0009,-1.0,reconstructed_citrus_1,-0.278865,0.38077,0.675286,0.045282,0.629565,-0.776844,-0.012695,-0.629565,0.776844,0.012695,-0.030009,0.073697,0.670267,-0.314395,-0.628338,-0.29392,0.648042,1.458974,4.000441,4.257221,1.499748,0.422034,11.216538,12.405173,2,true,0.950809,0.615494,0.315572,0.428571,0.462185,0.336054,0.429608,0.264706,0.735294,0.005446,0.180077,0.835206,10.0,true,36395.0,37278.0,756.0,probe_L02R2,39,已复用 approach-1786537192243-0009 完成入口、直线伸入和原路返回；未重新规划，未发送 OUTPUT_0/OUTPUT_1 或任何末端 IO,/home/catas/elfin_citrus_data/approach_results/approach_20260812-122051-715056_approach-1786537192243-0009_executed.json,/home/catas/elfin_citrus_data/nbv_batches/semantic_nbv_batch_20260812-121921_g0039.zip
L04R1O1-20260812-122122,2026-08-12T12:22:59.317,active,,,4,1,1,true,M2,task_conditioned,0.6,true,2,clean_hit,,executed,false,false,true,approach-1786537338820-0010,-1.0,reconstructed_citrus_1,-0.401505,0.198104,0.657915,0.044662,0.531184,-0.759266,0.375977,-0.531184,0.759266,-0.375977,-0.191867,-0.101549,0.806299,-0.352128,-0.750996,-0.278465,0.48422,2.158888,1.800077,1.654017,2.100348,0.794882,7.713415,8.54954,1,false,2.330316,1.200864,0.914806,0.428571,0.285714,0.177482,0.426879,0.588235,0.411765,0.003491,0.396194,0.672876,10.0,true,34394.0,35063.0,721.0,probe_L04R1,40,已复用 approach-1786537338820-0010 完成入口、直线伸入和原路返回；未重新规划，未发送 OUTPUT_0/OUTPUT_1 或任何末端 IO,/home/catas/elfin_citrus_data/approach_results/approach_20260812-122257-314028_approach-1786537338820-0010_executed.json,/home/catas/elfin_citrus_data/nbv_batches/semantic_nbv_batch_20260812-122205_g0040.zip
L04R1O2-20260812-122302,2026-08-12T12:23:17.933,active,,,4,1,2,true,M3,straight_line,,true,1,contaminated_hit,,executed,false,false,true,approach-1786537346179-0011,-1.0,reconstructed_citrus_1,-0.401505,0.198104,0.657915,0.044662,0.969255,-0.237731,0.063477,-0.969255,0.237731,-0.063477,-0.018977,0.104281,0.682967,-0.112057,-0.720543,-0.058943,0.681753,1.398227,2.358576,2.856245,1.319286,0.344648,7.932419,8.945296,1,false,0.752075,0.462597,0.287134,0.0,0.016807,0.09675,,0.382353,0.617647,-0.00846,0.173702,0.840547,10.0,true,34394.0,35063.0,721.0,probe_L04R1,40,已复用 approach-1786537346179-0011 完成入口、直线伸入和原路返回；未重新规划，未发送 OUTPUT_0/OUTPUT_1 或任何末端 IO,/home/catas/elfin_citrus_data/approach_results/approach_20260812-122315-863189_approach-1786537346179-0011_executed.json,/home/catas/elfin_citrus_data/nbv_batches/semantic_nbv_batch_20260812-122205_g0040.zip
L04R1O3-20260812-122319,2026-08-12T12:23:43.679,active,,,4,1,3,true,M1,geometric_centre,0.0,true,2,clean_hit,,executed,false,false,true,approach-1786537353468-0012,-1.0,reconstructed_citrus_1,-0.401505,0.198104,0.657915,0.044662,0.012101,-0.981245,0.192383,-0.012101,0.981245,-0.192383,-0.396729,-0.189156,0.733842,-0.505993,-0.583234,-0.474825,0.422315,2.760167,1.499091,1.613292,2.840814,1.149887,8.713517,9.644105,1,false,2.784339,1.805322,1.068683,0.571429,0.621849,0.336259,0.426879,0.294118,0.705882,0.005091,0.601704,0.547877,10.0,true,34394.0,35063.0,721.0,probe_L04R1,40,已复用 approach-1786537353468-0012 完成入口、直线伸入和原路返回；未重新规划，未发送 OUTPUT_0/OUTPUT_1 或任何末端 IO,/home/catas/elfin_citrus_data/approach_results/approach_20260812-122339-414108_approach-1786537353468-0012_executed.json,/home/catas/elfin_citrus_data/nbv_batches/semantic_nbv_batch_20260812-122205_g0040.zip
L04R2O1-20260812-122348,2026-08-12T12:25:32.109,active,,,4,2,1,true,M1,geometric_centre,0.0,true,2,clean_hit,,executed,false,false,true,approach-1786537484156-0013,-1.0,reconstructed_citrus_1,-0.402348,0.197308,0.661112,0.045963,0.167112,-0.930764,0.325195,-0.167112,0.930764,-0.325195,-0.336178,-0.17124,0.789877,-0.46613,-0.667323,-0.40992,0.411543,4.958256,1.60034,1.557088,5.020635,2.378975,13.136431,14.040973,1,false,5.283663,3.734991,1.919527,0.428571,0.521008,0.267968,0.386178,0.441176,0.558824,-0.0046,0.547394,0.578455,10.0,true,34803.0,35529.0,715.0,probe_L04R2,41,已复用 approach-1786537484156-0013 完成入口、直线伸入和原路返回；未重新规划，未发送 OUTPUT_0/OUTPUT_1 或任何末端 IO,/home/catas/elfin_citrus_data/approach_results/approach_20260812-122522-244009_approach-1786537484156-0013_executed.json,/home/catas/elfin_citrus_data/nbv_batches/semantic_nbv_batch_20260812-122429_g0041.zip
L04R2O2-20260812-122533,2026-08-12T12:25:47.287,active,,,4,2,2,true,M2,task_conditioned,0.6,true,2,clean_hit,,executed,false,false,true,approach-1786537491839-0014,-1.0,reconstructed_citrus_1,-0.402348,0.197308,0.661112,0.045963,0.531184,-0.759266,0.375977,-0.531184,0.759266,-0.375977,-0.192019,-0.103333,0.809985,-0.35207,-0.751022,-0.278501,0.484199,2.05748,1.599122,1.862144,2.100194,0.801927,7.619016,8.465662,1,false,2.3431,1.211925,0.920261,0.285714,0.302521,0.174326,0.386178,0.441176,0.558824,0.001528,0.398122,0.67158,10.0,true,34803.0,35529.0,715.0,probe_L04R2,41,已复用 approach-1786537491839-0014 完成入口、直线伸入和原路返回；未重新规划，未发送 OUTPUT_0/OUTPUT_1 或任何末端 IO,/home/catas/elfin_citrus_data/approach_results/approach_20260812-122543-416613_approach-1786537491839-0014_executed.json,/home/catas/elfin_citrus_data/nbv_batches/semantic_nbv_batch_20260812-122429_g0041.zip
L04R2O3-20260812-122550,2026-08-12T12:26:06.353,active,,,4,2,3,true,M3,straight_line,,true,1,contaminated_hit,,executed,false,false,true,approach-1786537500251-0015,-1.0,reconstructed_citrus_1,-0.402348,0.197308,0.661112,0.045963,0.969255,-0.237731,0.063477,-0.969255,0.237731,-0.063477,-0.01856,0.103175,0.686246,-0.11202,-0.720548,-0.058977,0.68175,1.739296,2.499859,2.557322,1.561595,0.339665,8.358163,9.347443,1,false,0.740102,0.454774,0.283438,0.0,0.008403,0.097525,,0.294118,0.705882,-0.008944,0.172939,0.841189,10.0,true,34803.0,35529.0,715.0,probe_L04R2,41,已复用 approach-1786537500251-0015 完成入口、直线伸入和原路返回；未重新规划，未发送 OUTPUT_0/OUTPUT_1 或任何末端 IO,/home/catas/elfin_citrus_data/approach_results/approach_20260812-122602-530335_approach-1786537500251-0015_executed.json,/home/catas/elfin_citrus_data/nbv_batches/semantic_nbv_batch_20260812-122429_g0041.zip
L05R1O1-20260812-123058,2026-08-12T12:32:34.077,superseded,2026-08-12T14:37:19.979,操作者要求覆盖共享地图区块并从 0/3 重采,5,1,1,true,M2,task_conditioned,0.6,true,0,miss,,executed,false,false,true,approach-1786537916923-0016,-1.0,reconstructed_citrus_1,-0.3993,0.323492,0.651485,0.026707,0.298939,-0.837176,0.458008,-0.298939,0.837176,-0.458008,-0.286687,0.008122,0.824019,-0.420897,-0.742866,-0.34025,0.393987,2.669201,1.899243,1.653908,2.203143,0.842866,8.425577,9.485565,1,false,1.975297,1.323299,0.749127,0.285714,0.253968,0.170462,0.357103,0.342857,0.657143,-0.002129,0.460066,0.631242,10.0,true,36891.0,37735.0,260.0,probe_L05R1,44,已复用 approach-1786537916923-0016 完成入口、直线伸入和原路返回；未重新规划，未发送 OUTPUT_0/OUTPUT_1 或任何末端 IO,/home/catas/elfin_citrus_data/approach_results/approach_20260812-123228-730013_approach-1786537916923-0016_executed.json,/home/catas/elfin_citrus_data/nbv_batches/semantic_nbv_batch_20260812-123141_g0044.zip
L05R1O2-20260812-123236,2026-08-12T12:32:47.907,superseded,2026-08-12T14:37:19.979,操作者要求覆盖共享地图区块并从 0/3 重采,5,1,2,true,M3,straight_line,,true,2,clean_hit,,executed,false,false,true,approach-1786537925440-0017,-1.0,reconstructed_citrus_1,-0.3993,0.323492,0.651485,0.026707,0.896761,-0.440874,0.038086,-0.896761,0.440874,-0.038086,-0.061484,0.157412,0.665832,-0.181468,-0.697218,-0.139345,0.679367,2.257097,2.414128,2.254814,1.700294,0.59852,8.626408,9.955422,2,true,1.403475,0.939676,0.460736,0.0,0.0,0.101535,,0.457143,0.542857,-0.008915,0.232495,0.792554,10.0,true,36891.0,37735.0,260.0,probe_L05R1,44,已复用 approach-1786537925440-0017 完成入口、直线伸入和原路返回；未重新规划，未发送 OUTPUT_0/OUTPUT_1 或任何末端 IO,/home/catas/elfin_citrus_data/approach_results/approach_20260812-123247-014027_approach-1786537925440-0017_executed.json,/home/catas/elfin_citrus_data/nbv_batches/semantic_nbv_batch_20260812-123141_g0044.zip
L05R1O3-20260812-123249,2026-08-12T12:33:00.332,superseded,2026-08-12T14:37:19.979,操作者要求覆盖共享地图区块并从 0/3 重采,5,1,3,true,M1,geometric_centre,0.0,true,0,miss,,executed,false,false,true,approach-1786537933858-0018,-1.0,reconstructed_citrus_1,-0.3993,0.323492,0.651485,0.026707,0.091617,-0.961579,0.258789,-0.091617,0.961579,-0.258789,-0.364787,-0.038742,0.748972,-0.486698,-0.626514,-0.443166,0.417384,2.258298,1.199981,1.495298,2.361684,0.929358,7.315345,8.164708,1,false,2.240153,1.459092,0.843977,0.285714,0.252101,0.21822,0.357103,0.142857,0.857143,-0.004231,0.52673,0.590533,10.0,true,36891.0,37735.0,260.0,probe_L05R1,44,已复用 approach-1786537933858-0018 完成入口、直线伸入和原路返回；未重新规划，未发送 OUTPUT_0/OUTPUT_1 或任何末端 IO,/home/catas/elfin_citrus_data/approach_results/approach_20260812-123258-815293_approach-1786537933858-0018_executed.json,/home/catas/elfin_citrus_data/nbv_batches/semantic_nbv_batch_20260812-123141_g0044.zip
L05R2O1-20260812-123534,2026-08-12T12:37:22.045,superseded,2026-08-12T14:37:14.081,操作者要求覆盖共享地图区块并从 0/3 重采,5,2,1,true,M3,straight_line,,true,2,clean_hit,,executed,false,false,true,approach-1786538193648-0020,-1.0,reconstructed_citrus_1,-0.359236,0.260521,0.644133,0.02577,0.92568,-0.363591,0.104492,-0.92568,0.363591,-0.104492,-0.011393,0.123894,0.683398,-0.159229,-0.725873,-0.105502,0.660775,1.258742,2.570612,2.26,1.524883,0.354703,7.614314,8.74154,2,true,0.79494,0.481754,0.293119,0.0,0.0,0.090564,,0.277778,0.722222,-0.007799,0.172331,0.8417,10.0,true,36479.0,37410.0,263.0,probe_L05R2,46,已复用 approach-1786538193648-0020 完成入口、直线伸入和原路返回；未重新规划，未发送 OUTPUT_0/OUTPUT_1 或任何末端 IO,/home/catas/elfin_citrus_data/approach_results/approach_20260812-123720-673738_approach-1786538193648-0020_executed.json,/home/catas/elfin_citrus_data/nbv_batches/semantic_nbv_batch_20260812-123618_g0046.zip
L05R1O1-20260814-031132-996013,2026-08-14T03:14:21.825,active,,,5,1,1,true,M2,task_conditioned,0.6,true,2,clean_hit,,executed,false,false,true,approach-1786677166344-0001,-1.0,reconstructed_citrus_1,-0.391133,0.23224,0.738378,0.064887,0.114225,-0.993201,-0.022461,-0.114225,0.993201,0.022461,-0.343742,-0.179826,0.729059,-0.483312,-0.505152,-0.456771,0.550082,2.531478,1.618404,1.93963,2.446873,0.483248,8.536505,9.616678,1,false,0.823184,0.483367,0.287801,1.0,1.0,0.625901,0.614587,0.21875,0.78125,0.031398,0.256483,0.773768,10.0,true,58178.0,59622.0,421.0,probe_L05R1,53,已复用 approach-1786677166344-0001 完成入口、直线伸入和原路返回；未重新规划，未发送 OUTPUT_0/OUTPUT_1 或任何末端 IO,/home/catas/elfin_citrus_data/approach_results/approach_20260814-031325-128680_approach-1786677166344-0001_executed.json,/home/catas/elfin_citrus_data/nbv_batches/semantic_nbv_batch_20260814-031231_g0053.zip
L05R1O2-20260814-031423-205187,2026-08-14T03:14:55.476,active,,,5,1,2,true,M3,straight_line,,true,2,clean_hit,,executed,false,false,true,approach-1786677179187-0002,-1.0,reconstructed_citrus_1,-0.391133,0.23224,0.738378,0.064887,0.163438,-0.977966,-0.129883,-0.163438,0.977966,0.129883,-0.323325,-0.173506,0.684491,-0.446457,-0.485526,-0.461845,0.592993,2.951287,2.000862,2.149983,3.200165,0.633898,10.302406,10.971655,1,false,1.126378,0.757813,0.396069,1.0,0.97479,0.559599,,0.09375,0.90625,0.028705,0.251235,0.77784,10.0,true,58178.0,59622.0,421.0,probe_L05R1,53,已复用 approach-1786677179187-0002 完成入口、直线伸入和原路返回；未重新规划，未发送 OUTPUT_0/OUTPUT_1 或任何末端 IO,/home/catas/elfin_citrus_data/approach_results/approach_20260814-031435-167558_approach-1786677179187-0002_executed.json,/home/catas/elfin_citrus_data/nbv_batches/semantic_nbv_batch_20260814-031231_g0053.zip
L05R1O3-20260814-031456-955518,2026-08-14T03:15:13.463,active,,,5,1,3,true,M1,geometric_centre,0.0,true,2,clean_hit,,executed,false,false,true,approach-1786677191112-0003,-1.0,reconstructed_citrus_1,-0.391133,0.23224,0.738378,0.064887,0.114225,-0.993201,-0.022461,-0.114225,0.993201,0.022461,-0.343742,-0.179826,0.729059,-0.483312,-0.505152,-0.456771,0.550083,2.449739,1.80015,1.850135,2.499532,0.483254,8.599714,9.590884,1,false,0.82325,0.483374,0.28784,1.0,1.0,0.625901,0.614587,0.21875,0.78125,0.031398,0.256483,0.773769,10.0,true,58178.0,59622.0,421.0,probe_L05R1,53,已复用 approach-1786677191112-0003 完成入口、直线伸入和原路返回；未重新规划，未发送 OUTPUT_0/OUTPUT_1 或任何末端 IO,/home/catas/elfin_citrus_data/approach_results/approach_20260814-031507-469285_approach-1786677191112-0003_executed.json,/home/catas/elfin_citrus_data/nbv_batches/semantic_nbv_batch_20260814-031231_g0053.zip
L06R1O1-20260814-031622-433052,2026-08-14T03:18:27.609,superseded,2026-08-14T03:26:00.986,操作者要求覆盖共享地图区块并从 0/3 重采,6,1,1,false,M1,geometric_centre,0.0,true,1,contaminated_hit,,executed,false,false,true,approach-1786677459565-0004,-1.0,reconstructed_citrus_1,-0.341761,0.287699,0.692542,0.054547,0.400912,-0.913489,0.069336,-0.400912,0.913489,-0.069336,-0.179573,-0.08185,0.720591,-0.425852,-0.594406,-0.348117,0.58664,3.709232,2.641365,2.791803,3.500056,0.743139,12.642626,13.311969,1,false,1.360536,0.968973,0.417726,0.857143,0.773109,0.519294,0.553838,0.242424,0.757576,0.017639,0.352695,0.702791,10.0,true,61658.0,63338.0,589.0,probe_L06R1,54,已复用 approach-1786677459565-0004 完成入口、直线伸入和原路返回；未重新规划，未发送 OUTPUT_0/OUTPUT_1 或任何末端 IO,/home/catas/elfin_citrus_data/approach_results/approach_20260814-031825-069283_approach-1786677459565-0004_executed.json,/home/catas/elfin_citrus_data/nbv_batches/semantic_nbv_batch_20260814-031722_g0054.zip
L05R2O1-20260814-032304-951765,2026-08-14T03:25:08.793,active,,,5,2,1,true,M3,straight_line,,true,2,clean_hit,,executed,false,false,true,approach-1786677863125-0001,-1.0,reconstructed_citrus_1,-0.420605,0.190749,0.708175,0.030214,0.245212,-0.967389,-0.063477,-0.245212,0.967389,0.063477,-0.327372,-0.177066,0.68404,-0.440904,-0.523321,-0.425126,0.592458,2.992038,1.799101,1.947201,3.299792,0.623167,10.038275,11.015775,1,false,1.081637,0.7416,0.390212,0.428571,0.394958,0.29627,,0.257143,0.742857,0.000869,0.248627,0.779871,10.0,true,55203.0,56737.0,223.0,probe_L05R2,55,已复用 approach-1786677863125-0001 完成入口、直线伸入和原路返回；未重新规划，未发送 OUTPUT_0/OUTPUT_1 或任何末端 IO,/home/catas/elfin_citrus_data/approach_results/approach_20260814-032505-170684_approach-1786677863125-0001_executed.json,/home/catas/elfin_citrus_data/nbv_batches/semantic_nbv_batch_20260814-032406_g0055.zip
L05R2O2-20260814-032510-800973,2026-08-14T03:25:31.102,active,,,5,2,2,true,M1,geometric_centre,0.0,true,2,clean_hit,,executed,false,false,true,approach-1786677874841-0002,-1.0,reconstructed_citrus_1,-0.420605,0.190749,0.708175,0.030214,-0.019237,-0.999643,0.018555,0.019237,0.999643,-0.018555,-0.427919,-0.189329,0.71523,-0.523559,-0.484937,-0.485821,0.504679,2.451668,2.199931,2.047497,2.30089,0.455603,9.000146,9.900944,1,false,0.617659,0.524596,0.188973,0.571429,0.579832,0.361543,0.447131,0.4,0.6,0.004887,0.281518,0.754637,10.0,true,55203.0,56737.0,223.0,probe_L05R2,55,已复用 approach-1786677874841-0002 完成入口、直线伸入和原路返回；未重新规划，未发送 OUTPUT_0/OUTPUT_1 或任何末端 IO,/home/catas/elfin_citrus_data/approach_results/approach_20260814-032527-581163_approach-1786677874841-0002_executed.json,/home/catas/elfin_citrus_data/nbv_batches/semantic_nbv_batch_20260814-032406_g0055.zip
L05R2O3-20260814-032532-596192,2026-08-14T03:25:45.431,active,,,5,2,3,true,M2,task_conditioned,0.6,true,2,clean_hit,,executed,false,false,true,approach-1786677887315-0003,-1.0,reconstructed_citrus_1,-0.420605,0.190749,0.708175,0.030214,-0.019237,-0.999643,0.018555,0.019237,0.999643,-0.018555,-0.427919,-0.189329,0.71523,-0.523559,-0.484937,-0.485821,0.504679,2.368138,1.878914,2.149013,2.298499,0.455673,8.694673,9.618344,1,false,0.61769,0.524691,0.188974,0.571429,0.579832,0.361543,0.447131,0.4,0.6,0.004887,0.281518,0.754637,10.0,true,55203.0,56737.0,223.0,probe_L05R2,55,已复用 approach-1786677887315-0003 完成入口、直线伸入和原路返回；未重新规划，未发送 OUTPUT_0/OUTPUT_1 或任何末端 IO,/home/catas/elfin_citrus_data/approach_results/approach_20260814-032543-367577_approach-1786677887315-0003_executed.json,/home/catas/elfin_citrus_data/nbv_batches/semantic_nbv_batch_20260814-032406_g0055.zip
L06R1O1-20260814-033201-128769,2026-08-14T03:34:03.111,superseded,2026-08-14T03:36:36.536,操作者要求覆盖共享地图区块并从 0/3 重采,6,1,1,true,M1,geometric_centre,0.0,true,1,contaminated_hit,,executed,false,false,true,approach-1786678396184-0001,-1.0,reconstructed_citrus_1,-0.4035,0.156,0.78525,0.025,0.163438,-0.977966,-0.129883,-0.163438,0.977966,0.129883,-0.342211,-0.210737,0.736544,-0.446456,-0.485526,-0.461846,0.592992,2.898239,2.114374,1.949537,2.600236,0.534759,9.562513,10.263714,1,false,0.826969,0.516553,0.283003,0.714286,0.773109,0.442904,0.501981,0.25,0.75,0.007667,0.229488,0.79494,10.0,true,57879.0,59424.0,16.0,probe_L06R1,58,已复用 approach-1786678396184-0001 完成入口、直线伸入和原路返回；未重新规划，未发送 OUTPUT_0/OUTPUT_1 或任何末端 IO,/home/catas/elfin_citrus_data/approach_results/approach_20260814-033400-369005_approach-1786678396184-0001_executed.json,/home/catas/elfin_citrus_data/nbv_batches/semantic_nbv_batch_20260814-033301_g0058.zip
L06R1O2-20260814-033425-242079,2026-08-14T03:34:51.700,superseded,2026-08-14T03:36:36.536,操作者要求覆盖共享地图区块并从 0/3 重采,6,1,2,true,M2,task_conditioned,0.6,true,1,contaminated_hit,,executed,false,false,true,approach-1786678408075-0002,-1.0,reconstructed_citrus_1,-0.4035,0.156,0.78525,0.025,0.163438,-0.977966,-0.129883,-0.163438,0.977966,0.129883,-0.342211,-0.210737,0.736544,-0.446456,-0.485526,-0.461846,0.592992,2.853213,1.996945,1.849093,2.500102,0.534815,9.199519,9.892186,2,true,0.826996,0.516619,0.282995,0.714286,0.773109,0.442904,0.501981,0.25,0.75,0.007667,0.229487,0.794941,10.0,true,57879.0,59424.0,16.0,probe_L06R1,58,已复用 approach-1786678408075-0002 完成入口、直线伸入和原路返回；未重新规划，未发送 OUTPUT_0/OUTPUT_1 或任何末端 IO,/home/catas/elfin_citrus_data/approach_results/approach_20260814-033450-368354_approach-1786678408075-0002_executed.json,/home/catas/elfin_citrus_data/nbv_batches/semantic_nbv_batch_20260814-033301_g0058.zip
L06R1O3-20260814-033454-519490,2026-08-14T03:35:37.530,superseded,2026-08-14T03:36:36.536,操作者要求覆盖共享地图区块并从 0/3 重采,6,1,3,true,M3,straight_line,,true,1,contaminated_hit,,executed,false,false,true,approach-1786678421767-0003,-1.0,reconstructed_citrus_1,-0.4035,0.156,0.78525,0.025,0.208844,-0.948721,-0.237305,-0.208844,0.948721,0.237305,-0.325184,-0.19977,0.696261,-0.407659,-0.463855,-0.465365,0.634104,3.05054,2.098279,2.44676,3.499911,0.618923,11.095683,11.805909,1,false,1.142333,0.735038,0.395423,0.571429,0.680672,0.397892,,0.25,0.75,0.006149,0.227093,0.796846,10.0,true,57879.0,59424.0,16.0,probe_L06R1,58,已复用 approach-1786678421767-0003 完成入口、直线伸入和原路返回；未重新规划，未发送 OUTPUT_0/OUTPUT_1 或任何末端 IO,/home/catas/elfin_citrus_data/approach_results/approach_20260814-033520-368932_approach-1786678421767-0003_executed.json,/home/catas/elfin_citrus_data/nbv_batches/semantic_nbv_batch_20260814-033301_g0058.zip
L06R1O1-20260814-033637-762126,2026-08-14T03:39:19.580,active,,,6,1,1,true,M1,geometric_centre,0.0,true,2,clean_hit,,executed,false,false,true,approach-1786678696927-0004,-1.0,reconstructed_citrus_1,-0.364502,0.259604,0.754962,0.06103,0.823906,-0.529448,-0.202148,-0.823906,0.529448,0.202148,-0.025852,0.041985,0.671873,-0.029283,-0.630927,-0.388439,0.670961,6.320023,8.090721,7.689546,5.964988,1.180729,28.065505,29.028722,1,false,2.916874,1.563367,1.084686,0.857143,0.731092,0.454315,0.517088,0.272727,0.727273,0.014149,0.522021,0.59332,10.0,true,62295.0,63935.0,795.0,probe_L06R1,59,已复用 approach-1786678696927-0004 完成入口、直线伸入和原路返回；未重新规划，未发送 OUTPUT_0/OUTPUT_1 或任何末端 IO,/home/catas/elfin_citrus_data/approach_results/approach_20260814-033917-471458_approach-1786678696927-0004_executed.json,/home/catas/elfin_citrus_data/nbv_batches/semantic_nbv_batch_20260814-033741_g0059.zip
L06R1O2-20260814-033922-406756,2026-08-14T03:40:00.512,active,,,6,1,2,true,M2,task_conditioned,0.6,true,2,clean_hit,,executed,false,false,true,approach-1786678711251-0005,-1.0,reconstructed_citrus_1,-0.364502,0.259604,0.754962,0.06103,0.410138,-0.887062,-0.211914,-0.410138,0.887062,0.211914,-0.195923,-0.105005,0.667859,-0.357555,-0.515943,-0.394661,0.67097,4.650087,2.801419,2.647352,4.39976,0.90457,14.498809,15.322949,2,true,1.710637,1.212168,0.565374,0.571429,0.504202,0.338887,0.517088,0.30303,0.69697,0.010325,0.32275,0.724155,10.0,true,62295.0,63935.0,795.0,probe_L06R1,59,已复用 approach-1786678711251-0005 完成入口、直线伸入和原路返回；未重新规划，未发送 OUTPUT_0/OUTPUT_1 或任何末端 IO,/home/catas/elfin_citrus_data/approach_results/approach_20260814-033958-968632_approach-1786678711251-0005_executed.json,/home/catas/elfin_citrus_data/nbv_batches/semantic_nbv_batch_20260814-033741_g0059.zip
L06R1O3-20260814-034005-031119,2026-08-14T03:40:25.077,active,,,6,1,3,true,M3,straight_line,,true,1,contaminated_hit,,executed,false,false,true,approach-1786678724784-0006,-1.0,reconstructed_citrus_1,-0.364502,0.259604,0.754962,0.06103,0.163438,-0.977966,-0.129883,-0.163438,0.977966,0.129883,-0.297324,-0.14237,0.701577,-0.446456,-0.485526,-0.461846,0.592992,3.7489,2.001203,2.251597,3.700686,0.670866,11.702568,12.881967,1,false,1.216694,0.817471,0.424614,0.285714,0.252101,0.251314,,0.090909,0.909091,-0.003629,0.279416,0.756225,10.0,true,62295.0,63935.0,795.0,probe_L06R1,59,已复用 approach-1786678724784-0006 完成入口、直线伸入和原路返回；未重新规划，未发送 OUTPUT_0/OUTPUT_1 或任何末端 IO,/home/catas/elfin_citrus_data/approach_results/approach_20260814-034023-975932_approach-1786678724784-0006_executed.json,/home/catas/elfin_citrus_data/nbv_batches/semantic_nbv_batch_20260814-033741_g0059.zip
L06R2O1-20260814-034153-148022,2026-08-14T03:47:32.134,active,,,6,2,1,true,M2,task_conditioned,0.6,true,2,clean_hit,,executed,false,false,true,approach-1786678998195-0007,-1.0,reconstructed_citrus_1,-0.362277,0.259889,0.753842,0.057373,0.48793,-0.860669,-0.145508,-0.48793,0.860669,0.145508,-0.163508,-0.090724,0.694566,-0.350223,-0.551897,-0.355903,0.667897,4.448288,2.901356,2.947488,4.10104,0.873819,14.398426,15.227169,1,false,1.670613,1.168191,0.517814,0.571429,0.571429,0.380262,0.523175,0.242424,0.757576,0.00884,0.3461,0.707442,10.0,true,61839.0,63607.0,805.0,probe_L06R2,61,已复用 approach-1786678998195-0007 完成入口、直线伸入和原路返回；未重新规划，未发送 OUTPUT_0/OUTPUT_1 或任何末端 IO,/home/catas/elfin_citrus_data/approach_results/approach_20260814-034730-071178_approach-1786678998195-0007_executed.json,/home/catas/elfin_citrus_data/nbv_batches/semantic_nbv_batch_20260814-034258_g0061.zip
L06R2O2-20260814-034744-670478,2026-08-14T03:48:30.095,active,,,6,2,2,true,M1,geometric_centre,0.0,true,2,clean_hit,,executed,false,false,true,approach-1786679032945-0008,-1.0,reconstructed_citrus_1,-0.362277,0.259889,0.753842,0.057373,0.751719,-0.639495,-0.161133,-0.751719,0.639495,0.161133,-0.056047,-0.000623,0.688201,-0.242892,-0.600364,-0.240018,0.723158,13.566674,6.58159,6.004577,14.601406,3.094246,40.75464,41.587407,1,false,7.057605,4.615553,2.325786,0.714286,0.705882,0.460626,0.523175,0.212121,0.787879,0.01144,0.470568,0.624647,10.0,true,61839.0,63607.0,805.0,probe_L06R2,61,已复用 approach-1786679032945-0008 完成入口、直线伸入和原路返回；未重新规划，未发送 OUTPUT_0/OUTPUT_1 或任何末端 IO,/home/catas/elfin_citrus_data/approach_results/approach_20260814-034828-128204_approach-1786679032945-0008_executed.json,/home/catas/elfin_citrus_data/nbv_batches/semantic_nbv_batch_20260814-034258_g0061.zip
L06R2O3-20260814-034859-447020,2026-08-14T03:49:38.083,active,,,6,2,3,true,M3,straight_line,,true,1,contaminated_hit,,executed,false,false,true,approach-1786679047554-0009,-1.0,reconstructed_citrus_1,-0.362277,0.259889,0.753842,0.057373,0.163438,-0.977966,-0.129883,-0.163438,0.977966,0.129883,-0.295697,-0.138507,0.700932,-0.44646,-0.485522,-0.461841,0.592996,3.749582,2.399827,2.350148,3.798926,0.678614,12.298614,13.105495,2,true,1.232373,0.82947,0.430568,0.285714,0.310924,0.260804,,0.121212,0.878788,-0.002881,0.283007,0.753514,10.0,true,61839.0,63607.0,805.0,probe_L06R2,61,已复用 approach-1786679047554-0009 完成入口、直线伸入和原路返回；未重新规划，未发送 OUTPUT_0/OUTPUT_1 或任何末端 IO,/home/catas/elfin_citrus_data/approach_results/approach_20260814-034936-767546_approach-1786679047554-0009_executed.json,/home/catas/elfin_citrus_data/nbv_batches/semantic_nbv_batch_20260814-034258_g0061.zip
L07R1O1-20260814-040428-988465,2026-08-14T04:09:35.684,active,,,7,1,1,true,M2,task_conditioned,0.6,true,1,contaminated_hit,,executed,false,false,true,approach-1786680349891-0010,-1.0,reconstructed_citrus_1,-0.301269,0.206308,0.469615,0.027556,0.125215,-0.785204,0.606445,-0.125215,0.785204,-0.606445,-0.253994,-0.09015,0.698582,-0.585213,-0.678785,-0.286164,0.33895,3.348477,2.700619,2.124716,2.701338,0.572811,10.875315,12.216061,3,true,1.008038,0.638023,0.319202,0.571429,0.547619,0.170461,0.455239,0.571429,0.428571,0.003917,0.330306,0.718704,10.0,true,63923.0,65740.0,52.0,probe_L07R1,62,已复用 approach-1786680349891-0010 完成入口、直线伸入和原路返回；未重新规划，未发送 OUTPUT_0/OUTPUT_1 或任何末端 IO,/home/catas/elfin_citrus_data/approach_results/approach_20260814-040924-468740_approach-1786680349891-0010_executed.json,/home/catas/elfin_citrus_data/nbv_batches/semantic_nbv_batch_20260814-040532_g0062.zip
L07R1O2-20260814-040938-747504,2026-08-14T04:10:30.054,active,,,7,1,2,true,M1,geometric_centre,0.0,true,2,clean_hit,,executed,false,false,true,approach-1786680366217-0011,-1.0,reconstructed_citrus_1,-0.301269,0.206308,0.469615,0.027556,0.642978,-0.220694,0.733398,-0.642978,0.220694,-0.733398,-0.058509,0.122984,0.746514,-0.390262,-0.845219,0.03715,0.363209,4.250148,3.499488,3.147993,3.902167,0.801206,14.799987,15.943133,1,false,1.409111,1.00451,0.442428,1.0,0.984962,0.367832,0.455239,0.371429,0.628571,0.018498,0.5869,0.556048,10.0,true,63923.0,65740.0,52.0,probe_L07R1,62,已复用 approach-1786680366217-0011 完成入口、直线伸入和原路返回；未重新规划，未发送 OUTPUT_0/OUTPUT_1 或任何末端 IO,/home/catas/elfin_citrus_data/approach_results/approach_20260814-040955-968807_approach-1786680366217-0011_executed.json,/home/catas/elfin_citrus_data/nbv_batches/semantic_nbv_batch_20260814-040532_g0062.zip
L07R1O3-20260814-041032-012108,2026-08-14T04:10:48.368,active,,,7,1,3,true,M3,straight_line,,true,1,contaminated_hit,,executed,false,false,true,approach-1786680380378-0012,-1.0,reconstructed_citrus_1,-0.301269,0.206308,0.469615,0.027556,0.040842,-0.929635,0.366211,-0.040842,0.929635,-0.366211,-0.285849,-0.144681,0.60788,-0.573999,-0.594668,-0.387482,0.408353,3.495676,2.049194,2.345669,3.701281,0.685192,11.592025,12.456063,1,false,1.117878,0.859903,0.371366,0.428571,0.444444,0.043219,,0.971429,0.028571,0.001175,0.281795,0.754429,10.0,true,63923.0,65740.0,52.0,probe_L07R1,62,已复用 approach-1786680380378-0012 完成入口、直线伸入和原路返回；未重新规划，未发送 OUTPUT_0/OUTPUT_1 或任何末端 IO,/home/catas/elfin_citrus_data/approach_results/approach_20260814-041045-996789_approach-1786680380378-0012_executed.json,/home/catas/elfin_citrus_data/nbv_batches/semantic_nbv_batch_20260814-040532_g0062.zip
L07R2O1-20260814-041101-855994,2026-08-14T04:15:23.304,active,,,7,2,1,true,M1,geometric_centre,0.0,true,2,clean_hit,,executed,false,false,true,approach-1786680759938-0013,-1.0,reconstructed_citrus_1,-0.302286,0.208429,0.466714,0.025,0.642978,-0.220694,0.733398,-0.642978,0.220694,-0.733398,-0.061169,0.125668,0.741739,-0.390263,-0.845218,0.03715,0.363209,12.550784,3.196302,3.251566,11.579017,2.904927,30.577925,31.478652,1,false,5.777991,4.311373,1.820276,1.0,1.0,0.380711,0.465253,0.361111,0.638889,0.017109,0.587834,0.555529,10.0,true,63559.0,65485.0,42.0,probe_L07R2,63,已复用 approach-1786680759938-0013 完成入口、直线伸入和原路返回；未重新规划，未发送 OUTPUT_0/OUTPUT_1 或任何末端 IO,/home/catas/elfin_citrus_data/approach_results/approach_20260814-041519-863076_approach-1786680759938-0013_executed.json,/home/catas/elfin_citrus_data/nbv_batches/semantic_nbv_batch_20260814-041209_g0063.zip
L07R2O2-20260814-041527-128781,2026-08-14T04:15:49.478,active,,,7,2,2,true,M2,task_conditioned,0.6,true,2,clean_hit,,executed,false,false,true,approach-1786680776670-0014,-1.0,reconstructed_citrus_1,-0.302286,0.208429,0.466714,0.025,0.176419,-0.718434,0.672852,-0.176419,0.718434,-0.672852,-0.236129,-0.060984,0.719034,-0.577768,-0.70895,-0.243539,0.322898,4.148727,2.73918,2.348957,3.500159,0.614242,12.737171,13.673601,1,false,1.069876,0.677475,0.368718,0.714286,0.714286,0.249242,0.465253,0.333333,0.666667,0.006232,0.362762,0.695752,10.0,true,63559.0,65485.0,42.0,probe_L07R2,63,已复用 approach-1786680776670-0014 完成入口、直线伸入和原路返回；未重新规划，未发送 OUTPUT_0/OUTPUT_1 或任何末端 IO,/home/catas/elfin_citrus_data/approach_results/approach_20260814-041545-869113_approach-1786680776670-0014_executed.json,/home/catas/elfin_citrus_data/nbv_batches/semantic_nbv_batch_20260814-041209_g0063.zip
L07R2O3-20260814-041552-648169,2026-08-14T04:16:09.262,active,,,7,2,3,true,M3,straight_line,,true,1,contaminated_hit,,executed,false,false,true,approach-1786680791120-0015,-1.0,reconstructed_citrus_1,-0.302286,0.208429,0.466714,0.025,0.040842,-0.929635,0.366211,-0.040842,0.929635,-0.366211,-0.28697,-0.140185,0.604043,-0.574,-0.594667,-0.387481,0.408354,3.590175,2.360565,2.446003,3.97535,0.696099,12.372292,13.61726,1,false,1.139606,0.876896,0.377859,0.285714,0.34127,0.035305,,1.0,0.0,-0.002605,0.287107,0.750432,10.0,true,63559.0,65485.0,42.0,probe_L07R2,63,已复用 approach-1786680791120-0015 完成入口、直线伸入和原路返回；未重新规划，未发送 OUTPUT_0/OUTPUT_1 或任何末端 IO,/home/catas/elfin_citrus_data/approach_results/approach_20260814-041607-774845_approach-1786680791120-0015_executed.json,/home/catas/elfin_citrus_data/nbv_batches/semantic_nbv_batch_20260814-041209_g0063.zip
L08R1O1-20260814-041911-386403,2026-08-14T04:28:44.090,superseded,2026-08-14T04:43:51.374,操作者要求覆盖共享地图区块并从 0/3 重采,8,1,1,true,M3,straight_line,,true,2,clean_hit,,executed,false,false,true,approach-1786681238617-0016,-1.0,reconstructed_citrus_1,-0.389738,0.34417,0.647279,0.041599,0.195699,-0.979679,0.043945,-0.195699,0.979679,-0.043945,-0.313103,-0.039471,0.664488,-0.477124,-0.542518,-0.419677,0.549453,4.449039,2.30132,2.348357,4.400217,0.78487,13.499093,14.7158,1,false,1.453654,0.984987,0.543731,0.714286,0.512605,0.357486,,0.147059,0.852941,0.011035,0.381792,0.682637,10.0,true,63679.0,65425.0,745.0,probe_L08R1,64,已复用 approach-1786681238617-0016 完成入口、直线伸入和原路返回；未重新规划，未发送 OUTPUT_0/OUTPUT_1 或任何末端 IO,/home/catas/elfin_citrus_data/approach_results/approach_20260814-042839-068408_approach-1786681238617-0016_executed.json,/home/catas/elfin_citrus_data/nbv_batches/semantic_nbv_batch_20260814-042018_g0064.zip
L08R1O1-20260814-044352-431792,2026-08-14T04:56:37.453,active,,,8,1,1,true,M3,straight_line,,true,2,clean_hit,,executed,false,false,true,approach-1786682702737-0001,-1.0,reconstructed_citrus_1,-0.391869,0.344408,0.646386,0.043333,0.195699,-0.979679,0.043945,-0.195699,0.979679,-0.043945,-0.314894,-0.040932,0.663671,-0.477124,-0.542518,-0.419678,0.549452,4.0384,2.201057,2.145321,3.89832,0.783693,12.283279,13.295097,1,false,1.449242,0.982316,0.542345,0.714286,0.596639,0.386479,,0.235294,0.764706,0.009604,0.380552,0.683484,10.0,true,62744.0,64490.0,801.0,probe_L08R1,65,已复用 approach-1786682702737-0001 完成入口、直线伸入和原路返回；未重新规划，未发送 OUTPUT_0/OUTPUT_1 或任何末端 IO,/home/catas/elfin_citrus_data/approach_results/approach_20260814-045636-181850_approach-1786682702737-0001_executed.json,/home/catas/elfin_citrus_data/nbv_batches/semantic_nbv_batch_20260814-044447_g0065.zip
L08R1O2-20260814-045638-923341,2026-08-14T04:57:04.818,active,,,8,1,2,true,M1,geometric_centre,0.0,true,2,clean_hit,,executed,false,false,true,approach-1786682721463-0002,-1.0,reconstructed_citrus_1,-0.391869,0.344408,0.646386,0.043333,0.864413,-0.481267,0.145508,-0.864413,0.481267,-0.145508,-0.051867,0.15511,0.703619,-0.253192,-0.713195,-0.108576,0.64456,7.264261,3.78038,3.641763,6.900262,1.638448,21.586984,22.465521,1,false,3.555158,2.37097,1.155501,0.857143,0.840336,0.548382,0.583762,0.147059,0.852941,0.008103,0.615255,0.540503,10.0,true,62744.0,64490.0,801.0,probe_L08R1,65,已复用 approach-1786682721463-0002 完成入口、直线伸入和原路返回；未重新规划，未发送 OUTPUT_0/OUTPUT_1 或任何末端 IO,/home/catas/elfin_citrus_data/approach_results/approach_20260814-045702-284971_approach-1786682721463-0002_executed.json,/home/catas/elfin_citrus_data/nbv_batches/semantic_nbv_batch_20260814-044447_g0065.zip
L08R1O3-20260814-045718-876911,2026-08-14T04:57:44.428,active,,,8,1,3,true,M2,task_conditioned,0.6,true,2,clean_hit,,executed,false,false,true,approach-1786682736709-0003,-1.0,reconstructed_citrus_1,-0.391869,0.344408,0.646386,0.043333,0.400912,-0.913489,0.069336,-0.400912,0.913489,-0.069336,-0.234177,-0.014897,0.673658,-0.425852,-0.594406,-0.348117,0.58664,4.741523,2.500478,2.915936,4.225043,0.871422,14.383115,15.187259,1,false,1.63408,1.144255,0.588084,1.0,0.823529,0.491107,0.583762,0.205882,0.794118,0.025714,0.405659,0.666537,10.0,true,62744.0,64490.0,801.0,probe_L08R1,65,已复用 approach-1786682736709-0003 完成入口、直线伸入和原路返回；未重新规划，未发送 OUTPUT_0/OUTPUT_1 或任何末端 IO,/home/catas/elfin_citrus_data/approach_results/approach_20260814-045737-384357_approach-1786682736709-0003_executed.json,/home/catas/elfin_citrus_data/nbv_batches/semantic_nbv_batch_20260814-044447_g0065.zip
L08R2O1-20260814-045747-896862,2026-08-14T05:00:25.761,active,,,8,2,1,true,M1,geometric_centre,0.0,true,2,clean_hit,,executed,false,false,true,approach-1786683550487-0004,-1.0,reconstructed_citrus_1,-0.390273,0.344897,0.650152,0.042639,0.864413,-0.481267,0.145508,-0.864413,0.481267,-0.145508,-0.050871,0.155933,0.707284,-0.25319,-0.713196,-0.108578,0.644559,7.66475,3.37986,3.243966,7.024542,1.634566,21.313363,22.14969,1,false,3.542286,2.364705,1.151209,1.0,0.87395,0.592748,0.606413,0.235294,0.764706,0.020713,0.616584,0.539785,10.0,true,62116.0,63866.0,757.0,probe_L08R2,66,已复用 approach-1786683550487-0004 完成入口、直线伸入和原路返回；未重新规划，未发送 OUTPUT_0/OUTPUT_1 或任何末端 IO,/home/catas/elfin_citrus_data/approach_results/approach_20260814-050015-239503_approach-1786683550487-0004_executed.json,/home/catas/elfin_citrus_data/nbv_batches/semantic_nbv_batch_20260814-045848_g0066.zip
L08R2O2-20260814-050034-091961,2026-08-14T05:00:58.231,active,,,8,2,2,true,M3,straight_line,,true,2,clean_hit,,executed,false,false,true,approach-1786683565506-0005,-1.0,reconstructed_citrus_1,-0.390273,0.344897,0.650152,0.042639,0.195699,-0.979679,0.043945,-0.195699,0.979679,-0.043945,-0.313434,-0.039764,0.667407,-0.477124,-0.542517,-0.419677,0.549453,3.63818,2.201293,2.173567,3.67038,0.779636,11.68371,12.400324,1,false,1.445076,0.97565,0.540501,0.714286,0.588235,0.400302,,0.205882,0.794118,0.014182,0.381492,0.682842,10.0,true,62116.0,63866.0,757.0,probe_L08R2,66,已复用 approach-1786683565506-0005 完成入口、直线伸入和原路返回；未重新规划，未发送 OUTPUT_0/OUTPUT_1 或任何末端 IO,/home/catas/elfin_citrus_data/approach_results/approach_20260814-050050-896298_approach-1786683565506-0005_executed.json,/home/catas/elfin_citrus_data/nbv_batches/semantic_nbv_batch_20260814-045848_g0066.zip
L08R2O3-20260814-050100-571837,2026-08-14T05:01:24.215,active,,,8,2,3,true,M2,task_conditioned,0.6,true,2,clean_hit,,executed,false,false,true,approach-1786683580435-0006,-1.0,reconstructed_citrus_1,-0.390273,0.344897,0.650152,0.042639,0.400912,-0.913489,0.069336,-0.400912,0.913489,-0.069336,-0.23286,-0.013775,0.677376,-0.425852,-0.594406,-0.348117,0.58664,4.04388,2.599558,2.729391,3.912982,0.865362,13.28603,14.29762,1,false,1.628298,1.135705,0.58527,1.0,0.798319,0.524868,0.606413,0.117647,0.882353,0.020976,0.406939,0.665684,10.0,true,62116.0,63866.0,757.0,probe_L08R2,66,已复用 approach-1786683580435-0006 完成入口、直线伸入和原路返回；未重新规划，未发送 OUTPUT_0/OUTPUT_1 或任何末端 IO,/home/catas/elfin_citrus_data/approach_results/approach_20260814-050117-485586_approach-1786683580435-0006_executed.json,/home/catas/elfin_citrus_data/nbv_batches/semantic_nbv_batch_20260814-045848_g0066.zip
L09R1O1-20260814-051500-066372,2026-08-14T05:22:54.863,superseded,2026-08-14T05:23:56.896,操作者要求覆盖共享地图区块并从 0/3 重采,9,1,1,true,M3,straight_line,,true,0,miss,,executed,false,false,true,approach-1786684576598-0002,-1.0,reconstructed_citrus_1,-0.410973,0.332639,0.6342,0.038269,0.195699,-0.979679,0.043945,-0.195699,0.979679,-0.043945,-0.334989,-0.04774,0.651263,-0.477127,-0.542515,-0.419675,0.549455,3.945888,1.900434,1.94226,3.511412,0.787994,11.300236,12.159068,1,false,1.435903,0.971249,0.541604,0.0,0.05042,0.128062,,0.323529,0.676471,-0.009289,0.377133,0.685825,10.0,true,66015.0,67810.0,665.0,probe_L09R1,68,已复用 approach-1786684576598-0002 完成入口、直线伸入和原路返回；未重新规划，未发送 OUTPUT_0/OUTPUT_1 或任何末端 IO,/home/catas/elfin_citrus_data/approach_results/approach_20260814-052248-895373_approach-1786684576598-0002_executed.json,/home/catas/elfin_citrus_data/nbv_batches/semantic_nbv_batch_20260814-051600_g0068.zip
L09R1O2-20260814-052256-286332,2026-08-14T05:23:13.183,superseded,2026-08-14T05:23:56.896,操作者要求覆盖共享地图区块并从 0/3 重采,9,1,2,true,M2,task_conditioned,0.6,true,0,miss,,executed,false,false,true,approach-1786684591826-0003,-1.0,reconstructed_citrus_1,-0.410973,0.332639,0.6342,0.038269,0.535797,-0.819791,0.202148,-0.535797,0.819791,-0.202148,-0.202939,0.014339,0.712688,-0.408083,-0.659199,-0.26765,0.572092,3.741216,2.690642,2.843397,3.625439,0.812092,12.900868,13.607767,1,false,1.575441,1.043239,0.554189,0.714286,0.470588,0.361305,0.537755,0.117647,0.882353,0.014336,0.44049,0.643721,10.0,true,66015.0,67810.0,665.0,probe_L09R1,68,已复用 approach-1786684591826-0003 完成入口、直线伸入和原路返回；未重新规划，未发送 OUTPUT_0/OUTPUT_1 或任何末端 IO,/home/catas/elfin_citrus_data/approach_results/approach_20260814-052310-908721_approach-1786684591826-0003_executed.json,/home/catas/elfin_citrus_data/nbv_batches/semantic_nbv_batch_20260814-051600_g0068.zip
L09R1O1-20260814-061302-858752,2026-08-14T06:15:46.314,active,,,9,1,1,true,M3,straight_line,,true,1,contaminated_hit,,executed,false,false,true,approach-1786688067414-0013,-1.0,reconstructed_citrus_1,-0.386351,0.223227,0.607602,0.046296,0.195699,-0.979679,0.043945,-0.195699,0.979679,-0.043945,-0.308796,-0.165015,0.625017,-0.47713,-0.542512,-0.419672,0.549457,5.24505,2.499738,2.445434,4.799906,0.714149,14.990276,15.863102,1,false,1.197267,0.898015,0.420145,0.285714,0.260504,0.13838,,0.5,0.5,-0.004701,0.26075,0.770473,10.0,true,56971.0,58395.0,721.0,probe_L09R1,78,已复用 approach-1786688067414-0013 完成入口、直线伸入和原路返回；未重新规划，未发送 OUTPUT_0/OUTPUT_1 或任何末端 IO,/home/catas/elfin_citrus_data/approach_results/approach_20260814-061543-590439_approach-1786688067414-0013_executed.json,/home/catas/elfin_citrus_data/nbv_batches/semantic_nbv_batch_20260814-061412_g0078.zip
L09R1O2-20260814-061549-103181,2026-08-14T06:18:16.659,active,,,9,1,2,true,M2,task_conditioned,0.6,true,2,clean_hit,,executed,false,false,true,approach-1786688079460-0014,-1.0,reconstructed_citrus_1,-0.386351,0.223227,0.607602,0.046296,0.478894,-0.821479,0.30957,-0.478894,0.821479,-0.30957,-0.196567,-0.102321,0.730283,-0.444258,-0.676328,-0.261793,0.526003,4.440899,3.479025,3.144489,4.524091,0.637998,15.588683,16.447773,1,false,1.084572,0.797091,0.340567,1.0,0.89916,0.593284,0.646026,0.117647,0.882353,0.026446,0.330511,0.718557,10.0,true,56971.0,58395.0,721.0,probe_L09R1,78,已复用 approach-1786688079460-0014 完成入口、直线伸入和原路返回；未重新规划，未发送 OUTPUT_0/OUTPUT_1 或任何末端 IO,/home/catas/elfin_citrus_data/approach_results/approach_20260814-061804-055325_approach-1786688079460-0014_executed.json,/home/catas/elfin_citrus_data/nbv_batches/semantic_nbv_batch_20260814-061412_g0078.zip
L09R1O3-20260814-061818-359023,2026-08-14T06:18:59.263,active,,,9,1,3,true,M1,geometric_centre,0.0,true,2,clean_hit,,executed,false,false,true,approach-1786688101184-0015,-1.0,reconstructed_citrus_1,-0.386351,0.223227,0.607602,0.046296,0.950306,-0.201509,0.237305,-0.950306,0.201509,-0.237305,-0.009749,0.14337,0.701645,-0.18726,-0.763928,0.01941,0.617228,14.366571,4.877155,4.844668,14.000816,1.862583,38.08942,38.726563,1,false,4.73836,2.618383,1.754137,1.0,1.0,0.655532,0.646026,0.117647,0.882353,0.027356,0.620732,0.537551,10.0,true,56971.0,58395.0,721.0,probe_L09R1,78,已复用 approach-1786688101184-0015 完成入口、直线伸入和原路返回；未重新规划，未发送 OUTPUT_0/OUTPUT_1 或任何末端 IO,/home/catas/elfin_citrus_data/approach_results/approach_20260814-061858-087212_approach-1786688101184-0015_executed.json,/home/catas/elfin_citrus_data/nbv_batches/semantic_nbv_batch_20260814-061412_g0078.zip
L09R2O1-20260814-061918-976395,2026-08-14T06:21:43.476,active,,,9,2,1,true,M3,straight_line,,true,1,contaminated_hit,,executed,false,false,true,approach-1786688442992-0016,-1.0,reconstructed_citrus_1,-0.385452,0.223928,0.604452,0.042148,0.143881,-0.97795,0.151367,-0.143881,0.97795,-0.151367,-0.32903,-0.159573,0.663811,-0.511506,-0.560397,-0.412071,0.504494,4.038211,2.300093,2.243632,4.199126,0.595982,12.781254,13.499844,1,false,0.976265,0.700634,0.348917,0.142857,0.235294,0.167987,,0.441176,0.558824,-0.007313,0.265792,0.766598,10.0,true,56813.0,58307.0,694.0,probe_L09R2,79,已复用 approach-1786688442992-0016 完成入口、直线伸入和原路返回；未重新规划，未发送 OUTPUT_0/OUTPUT_1 或任何末端 IO,/home/catas/elfin_citrus_data/approach_results/approach_20260814-062141-094907_approach-1786688442992-0016_executed.json,/home/catas/elfin_citrus_data/nbv_batches/semantic_nbv_batch_20260814-062028_g0079.zip
L09R2O2-20260814-062144-876988,2026-08-14T06:22:46.612,active,,,9,2,2,true,M1,geometric_centre,0.0,true,2,clean_hit,,executed,false,false,true,approach-1786688462799-0017,-1.0,reconstructed_citrus_1,-0.385452,0.223928,0.604452,0.042148,0.842105,-0.434608,0.319336,-0.842105,0.434608,-0.319336,-0.055223,0.053498,0.729679,-0.288384,-0.759278,-0.066047,0.579629,9.04144,12.800617,12.661514,8.981249,1.259897,43.485037,44.092841,1,false,2.474614,1.753506,0.848771,1.0,0.991597,0.647675,0.642381,0.147059,0.852941,0.03143,0.522617,0.592967,10.0,true,56813.0,58307.0,694.0,probe_L09R2,79,已复用 approach-1786688462799-0017 完成入口、直线伸入和原路返回；未重新规划，未发送 OUTPUT_0/OUTPUT_1 或任何末端 IO,/home/catas/elfin_citrus_data/approach_results/approach_20260814-062230-384485_approach-1786688462799-0017_executed.json,/home/catas/elfin_citrus_data/nbv_batches/semantic_nbv_batch_20260814-062028_g0079.zip
L09R2O3-20260814-062248-987226,2026-08-14T06:23:22.024,active,,,9,2,3,true,M2,task_conditioned,0.6,true,2,clean_hit,,executed,false,false,true,approach-1786688475238-0018,-1.0,reconstructed_citrus_1,-0.385452,0.223928,0.604452,0.042148,0.478894,-0.821479,0.30957,-0.478894,0.821479,-0.30957,-0.197655,-0.098213,0.72585,-0.444254,-0.676331,-0.261796,0.526001,4.5437,3.721449,3.444526,4.600322,0.650055,16.310211,16.988189,1,false,1.109108,0.818059,0.348268,1.0,0.94958,0.583248,0.642381,0.176471,0.823529,0.029016,0.333455,0.716444,10.0,true,56813.0,58307.0,694.0,probe_L09R2,79,已复用 approach-1786688475238-0018 完成入口、直线伸入和原路返回；未重新规划，未发送 OUTPUT_0/OUTPUT_1 或任何末端 IO,/home/catas/elfin_citrus_data/approach_results/approach_20260814-062317-483210_approach-1786688475238-0018_executed.json,/home/catas/elfin_citrus_data/nbv_batches/semantic_nbv_batch_20260814-062028_g0079.zip
